wave,state_name,school_string,zip,responses,candidates
fall2025_spring2026,Illinois,West Chicago Community High School | 326 Joliet St | 60185,60185,10,
fall2025_spring2026,Illinois,Arthur-Lovington-Atwood-Hammond High School | 301 E Columbia St | 61911,61911,8,
fall2025_spring2026,Illinois,Heyworth High School | 308 W Cleveland St | 61745,61745,7,
fall2025_spring2026,Illinois,Frankfort Community High School | 601 E Main St | 62896,62896,6,
fall2025_spring2026,Illinois,Horizon Science Acad-McKinley Park Charter Sch | 2245 W Pershing Rd | 60609,60609,5,
fall2025_spring2026,Puerto Rico,7.20003E+11,,4,
fall2025_spring2026,Illinois,Southland College Prep Charter High School | 4601 Sauk Trl | 60471,60471,4,
fall2025_spring2026,Illinois,Dream Academy | 46 S Gifford St | 60120,60120,3,170019106416|171371001666
fall2025_spring2026,Illinois,Acero Chtr Sch Network - Rufino Tamayo Elem Sch | 5135 S California Ave | 60632,60632,3,
fall2025_spring2026,Illinois,Bronzeville Classical Elementary School | 8 W Root St | 60609,60609,3,
fall2025_spring2026,Illinois,Horizon Science Acad-Belmont Charter Sch | 2456 N Mango Ave | 60639,60639,3,
fall2025_spring2026,Illinois,Compass Academy | 305 S 9Th St | 60174,60174,3,170019106849|173717006842
fall2025_spring2026,Illinois,Acero Chtr Sch Network Victoria Soto Campus | 5025 S St Louis Ave | 60632,60632,3,
fall2025_spring2026,Illinois,Montessori School | 2021 Hawthorne Dr | 61107,61107,3,
fall2025_spring2026,Illinois,Bureau Valley Elementary and Junior High | PO Box 326 | 61338,61338,2,
fall2025_spring2026,Illinois,Acero Chtr Sch Network -  Major Hector P Garcia MD H S | 4248 W 47th St | 60632,60632,2,
fall2025_spring2026,Illinois,Center for Academics and Technology | 1605 Wentworth | 60409,60409,2,
fall2025_spring2026,Illinois,Noble St Chtr-Johnson College Prep | 6350 S Stewart Ave | 60621,60621,2,
fall2025_spring2026,Illinois,Noble St Chtr-DRW Trading College Prep | 931 S Homan Ave | 60624,60624,2,
fall2025_spring2026,Illinois,Acero Chtr Sch Newtwork - Roberto Clemente Elem School | 2050 N Natchez Ave | 60707,60707,2,
fall2025_spring2026,Illinois,Elgin Math and Science Academy Charter School | 1600 Dundee Ave | 60120,60120,2,
fall2025_spring2026,Illinois,Heyworth Junior High School | 308 W Cleveland St | 61745,61745,2,
fall2025_spring2026,Illinois,Acero Chtr Sch Network - PFC Omar E Torres Elem Sch | 4248 W 47th St | 60632,60632,2,
fall2025_spring2026,Illinois,Wyvetter Younge School of Excellence | 3939 Caseyville Ave | 62204,62204,2,
fall2025_spring2026,Illinois,Schuyler Industry Middle School | 750 N Congress St | 62681,62681,2,170033206064|170033206548
fall2025_spring2026,Illinois,Centralia Jr High School | 900 S Pine St | 62801,62801,2,170927000531|170927000535
fall2025_spring2026,Illinois,ASPIRA Charter - Early College Prep HS | 3986 W Barry Ave | 60618,60618,2,
fall2025_spring2026,Illinois,Noble St Chtr-Hansberry College Prep - Silver | 8748 S Aberdeen St | 60620,60620,2,
fall2025_spring2026,Illinois,Noble St Chtr-Pritzker College Prep | 4131 W Cortland St | 60639,60639,2,
fall2025_spring2026,Illinois,Acero Chtr Sch Network - Officer Donald J Marquez  Elem | 2916 W 47th St | 60632,60632,2,
fall2025_spring2026,Illinois,Acero Chtr Sch Network - Carlos Fuentes  Elem School | 2845 W Barry Ave | 60618,60618,2,
fall2025_spring2026,Illinois,Hawk Hollow Middle School | 235 Jacaranda Dr | 60103,60103,2,
fall2025_spring2026,Arkansas,50007801639,,1,
fall2025_spring2026,District of Columbia,1.10003E+11,,1,
fall2025_spring2026,U.S. Virgin Islands,7.8E+11,,1,
fall2025_spring2026,U.S. Virgin Islands,7.80003E+11,,1,
fall2025_spring2026,Illinois,St Anne Elem School | PO Box 530 | 60964,60964,1,173712003849|174396606921
fall2025_spring2026,Illinois,Dr. Leroy A. Mitchell Elementary School | 1240 Normal Rd | 60115,60115,1,
fall2025_spring2026,Illinois,Willow Grove Early Learning Center | 777 Checker Dr | 60089,60089,1,
fall2025_spring2026,Illinois,Robert Frost Elem School | 1308 S Cypress Dr | 60056,60056,1,171377001717|174221004232
fall2025_spring2026,Illinois,West Aurora Learning Center/Early Learning Academy | 1870 W Galena Blvd | 60506,60506,1,
fall2025_spring2026,Illinois,Aspira Charter - Business and Finance HS | 2989 N Milwaukee Ave | 60618,60618,1,
fall2025_spring2026,Illinois,Pathways in Education - Humboldt Park HS | 2421 W Division St | 60622,60622,1,
fall2025_spring2026,Illinois,Garden Hills Elem Academy | 2001 Garden Hills Dr | 61821,61821,1,
fall2025_spring2026,Illinois,Grigsby Elementary School | 3801 Cargill Rd | 62040,62040,1,
fall2025_spring2026,Illinois,J Giles Elem School | 4251 N Oriole Ave | 60706,60706,1,172865003007|172865006555
fall2025_spring2026,Illinois,Horizon Sci Academy - Southwest Charter | 5401 S Western Ave | 60609,60609,1,
fall2025_spring2026,Illinois,District 99 Early Childhood Center | 5330 W 35th St | 60804,60804,1,
fall2025_spring2026,Illinois,Allen Grade School | 301 Main St | 61330,61330,1,
fall2025_spring2026,Illinois,Milford Grade School | 100 S Chicago St | 60953,60953,1,
fall2025_spring2026,Illinois,LEARN Charter Sch 6 North Chicago Campus | 3131 Sheridan Rd | 60088,60088,1,
fall2025_spring2026,Illinois,Michelle Obama Sch of Technology and the Arts | 530 Lakewood Blvd | 60466,60466,1,
fall2025_spring2026,Illinois,Chadwick-Milledgeville Jr/Sr High School | 100 E 8th St | 61051,61051,1,
fall2025_spring2026,Illinois,Robert Frost Elem School | 1805 N Aspen Dr | 60056,60056,1,171377001717|174221004232
fall2025_spring2026,Illinois,Glen Barton School | 2503 N University St | 61604,61604,1,
fall2025_spring2026,Illinois,Americana Elementary School | 1629 President St | 60139,60139,1,173297003413|173297006137
fall2025_spring2026,Illinois,Maria Saucedo STEAM Magnet Academy | 2850 W 24th Blvd | 60623,60623,1,
fall2025_spring2026,Illinois,Acero Chtr Sch Network - Esmeralda Santiago Elem Sch | 2510 W Cortez St | 60622,60622,1,
fall2025_spring2026,Illinois,Decatur Public Schools Alternative Education | 1 N Educational Park Dr | 62526,62526,1,
fall2025_spring2026,Illinois,Rising Pretzels Academy | 302 W Exchange St | 61032,61032,1,
spring_summer_2025,Maryland,Northern Middle School,,20,240015000515|240036001351|240066001276
spring_summer_2025,Maine,Washington Academy,4630,15,
spring_summer_2025,Alabama,Dothan High School,,10,010123000445|010123001501
spring_summer_2025,Maryland,N/A,,9,
spring_summer_2025,Virginia,Round Hill Elementary,,9,510225000930|510330001422
spring_summer_2025,Virginia,Gum Spring Middle School,,9,
spring_summer_2025,Maryland,n/a,,8,
spring_summer_2025,Maryland,Calvert Elementary,,8,240015000517|240024000559
spring_summer_2025,Virginia,Chesapeake Virtual Academy,23320,8,
spring_summer_2025,Virginia,JEJ Moore Middle School,23842,8,
spring_summer_2025,Virginia,Mountain View Elementary,,7,510009002173|510015201938|510225002415|510313001168|510333001463|510337001485|510339002545
spring_summer_2025,Virginia,Smarts Mill Middle School,20176,7,
spring_summer_2025,Alabama,Ider High School,35981,7,
spring_summer_2025,North Dakota,Lidgerwood Public School,58053,6,
spring_summer_2025,Virginia,Deep Creek Middle,,6,510081000289|510084003146
spring_summer_2025,Virginia,Hugo Owens Middle School,23323,6,
spring_summer_2025,Virginia,Gum Spring Middle School,20105,6,
spring_summer_2025,Alabama,Empower Community School,35022,6,
spring_summer_2025,Alabama,Plainview High School,35986,6,
spring_summer_2025,Alabama,Geraldine High School,,6,
spring_summer_2025,Alabama,Geraldine High School,35974,6,
spring_summer_2025,Alabama,Ider High School,,6,
spring_summer_2025,North Dakota,Oak Grove Lutheran School,58102,5,
spring_summer_2025,North Dakota,Ellendale Public School,58436,5,
spring_summer_2025,North Dakota,Cavalier Public School,58220,5,
spring_summer_2025,North Dakota,Hebron Public School,58638,5,
spring_summer_2025,Arkansas,Hampton School District,71744,5,
spring_summer_2025,Tennessee,Oakmont Elementary,,5,470102000332|470402001671
spring_summer_2025,Montana,Corvallis Middle School,59828,5,
spring_summer_2025,Maryland,Baltimore County Public Schools,,5,
spring_summer_2025,Maryland,Southern Middle School,,5,240006000131|240015001392|240036000675
spring_summer_2025,Virginia,N/A,,5,
spring_summer_2025,Maryland,Benjamin Stoddert Middle School,,5,240027000583|240051001464
spring_summer_2025,North Dakota,Sheyenne High School,,5,
spring_summer_2025,Washington,Yakama Nation Tribal School,98948,5,
spring_summer_2025,Alabama,Empower Community School,,5,
spring_summer_2025,North Dakota,Ashley Public School,58413,4,
spring_summer_2025,North Dakota,Drayton Public School,58225,4,
spring_summer_2025,North Dakota,Elgin/New Leipzig Public School,58533,4,
spring_summer_2025,North Dakota,Minnewaukan Public School,,4,
spring_summer_2025,North Dakota,Shanley High School,58104,4,
spring_summer_2025,North Dakota,Strasburg Public School,58573,4,
spring_summer_2025,Maryland,Wicomico County Public Schools,21801,4,
spring_summer_2025,Alabama,Alabama School of Mathematics and Science,36604,4,
spring_summer_2025,Alabama,Alabama School of Math and Science,36604,4,
spring_summer_2025,Arkansas,Ozark Catholic Academy,,4,
spring_summer_2025,Arkansas,WESTSIDE HIGH SCHOOL,,4,050402000146|051402001267
spring_summer_2025,Arkansas,Ozark Catholic Academy,72762,4,
spring_summer_2025,Maryland,BCPS,,4,
spring_summer_2025,Alabama,Lakewood Elementary School,,4,010180000635|010270001547
spring_summer_2025,Montana,Troy Public Schools,59935,4,
spring_summer_2025,Maryland,Wicomico County Public Schools,,4,
spring_summer_2025,Maryland,Central Office,,4,
spring_summer_2025,Maryland,Northern Middle,,4,240015000515|240036001351|240066001276
spring_summer_2025,Maryland,Charles County Public Schools,,4,
spring_summer_2025,Maryland,Calvert Elementary School,,4,240015000517|240024000559
spring_summer_2025,Virginia,Crestwood Intermediate School,23320,4,
spring_summer_2025,Virginia,Patrick Henry High,,4,510183000776|510330001430|510390001749
spring_summer_2025,Virginia,The Academies of Loudoun,20175,4,
spring_summer_2025,Virginia,Mountain View Elementary,20132,4,510009002173|510015201938|510225002415|510313001168|510333001463|510337001485|510339002545
spring_summer_2025,Alabama,DeKalb County Technology Center,35986,4,
spring_summer_2025,Indiana,Culver Academies,46511,3,
spring_summer_2025,North Dakota,Ray Public School,58849,3,
spring_summer_2025,North Dakota,Wilton Public School,58579,3,
spring_summer_2025,North Dakota,Thompson Public School,58278,3,
spring_summer_2025,North Dakota,Shiloh Christian School,58503,3,
spring_summer_2025,North Dakota,Minto Public School,58261,3,
spring_summer_2025,North Dakota,Kenmare Public School,58746,3,
spring_summer_2025,North Dakota,NA,,3,
spring_summer_2025,North Dakota,LINCOLN ELEMENTARY SCHOOL,,3,380001400864|380002100312|380003800135|380238000024|380678000201
spring_summer_2025,North Dakota,Oak Grove Lutheran School,,3,
spring_summer_2025,North Dakota,Hettinger Public School,58639,3,
spring_summer_2025,Iowa,Lake Mills Community School,50450,3,
spring_summer_2025,Maine,Washington Academy,,3,
spring_summer_2025,South Carolina,N/A,,3,
spring_summer_2025,Arkansas,Hot Springs School District,71913,3,
spring_summer_2025,Iowa,West High School,,3,190858000487|191470000902|192640001533|193048001738
spring_summer_2025,New Jersey,Morristown Beard School,7960,3,
spring_summer_2025,Pennsylvania,The Hill School,19464,3,
spring_summer_2025,Montana,Lavina Public Schools,59046,3,
spring_summer_2025,Maryland,Chesapeake High School,,3,240006000058|240012000362
spring_summer_2025,Maryland,EHS,,3,
spring_summer_2025,Virginia,NA,,3,
spring_summer_2025,Virginia,no,,3,
spring_summer_2025,Alabama,Ridgecrest Elementary School,,3,010180000643|010270001091
spring_summer_2025,Maryland,Chesapeake High,,3,240006000058|240012000362
spring_summer_2025,Virginia,Central High School,,3,510207000878|510231000944|510351001543|510408001789
spring_summer_2025,Maryland,NA,,3,
spring_summer_2025,Delaware,Sanford School,19707,3,
spring_summer_2025,Virginia,Crestwood Elementary,,3,510084000325|510126000454
spring_summer_2025,Virginia,Treakle Elementary,23323,3,
spring_summer_2025,Virginia,Deep Creek Middle School,,3,510081000289|510084003146
spring_summer_2025,Virginia,Hugo Owens Middle School,,3,
spring_summer_2025,Virginia,Hugo Owens Middle,23323,3,
spring_summer_2025,Virginia,Patrick Henry High School,,3,510183000776|510330001430|510390001749
spring_summer_2025,Virginia,JEJ Moore Middle School,,3,
spring_summer_2025,Virginia,JEJ Moore Middle,,3,
spring_summer_2025,California,Longfellow K-8,92110,3,
spring_summer_2025,Virginia,Atlee,23116,3,
spring_summer_2025,Virginia,Dunbar Middle School,24504,3,
spring_summer_2025,Virginia,Mt. Airy Elementary School,24557,3,
spring_summer_2025,Virginia,King and Queen Elementary School,,3,
spring_summer_2025,Virginia,Roanoke Technical Education Center,24015,3,
spring_summer_2025,Virginia,Randolph Elementary,,3,510027000013|510165000689
spring_summer_2025,Rhode Island,St. George's School,2842,3,
spring_summer_2025,Virginia,Northside Middle,,3,510267001120|510333001466
spring_summer_2025,Virginia,Smarts Mill Middle School,,3,
spring_summer_2025,Alabama,Dothan High School,36305,3,010123000445|010123001501
spring_summer_2025,North Dakota,New England Public School,58647,2,
spring_summer_2025,North Dakota,Hatton Eielson Public School,58240,2,
spring_summer_2025,North Dakota,Milnor Public School,58060,2,
spring_summer_2025,North Dakota,Maddock Public School,58348,2,
spring_summer_2025,North Dakota,Montpelier Public School,58472,2,
spring_summer_2025,North Dakota,Cavalier Public School,,2,
spring_summer_2025,North Dakota,Starkweather Public School,58377,2,
spring_summer_2025,North Dakota,Maple Valley Public School,58071,2,
spring_summer_2025,North Dakota,Leeds Public School,58346,2,
spring_summer_2025,North Dakota,Rolette Public School,58366,2,
spring_summer_2025,North Dakota,Flasher Public School,58535,2,
spring_summer_2025,North Dakota,Napoleon Public School,58561,2,
spring_summer_2025,North Dakota,Our Redeemer's Christian School,58701,2,
spring_summer_2025,North Dakota,TGU Granville School,58741,2,
spring_summer_2025,North Dakota,Bishop Ryan,,2,
spring_summer_2025,North Dakota,Linton Public School,58552,2,
spring_summer_2025,North Dakota,Oak Grove Lutheran Elementary,58103,2,
spring_summer_2025,North Dakota,Park River Area School,58270,2,
spring_summer_2025,North Dakota,Leeds Public School,,2,
spring_summer_2025,North Dakota,CENTRAL MIDDLE SCHOOL,,2,380504000127|381303000960
spring_summer_2025,North Dakota,Midway Public School,58233,2,
spring_summer_2025,North Dakota,JEFFERSON ELEMENTARY SCHOOL,,2,380003800134|380678000199|381885000654
spring_summer_2025,Massachusetts,Springfield Honors Academy,1105,2,
spring_summer_2025,North Dakota,South Heart School,58655,2,
spring_summer_2025,North Dakota,Nedrose Public School,58701,2,
spring_summer_2025,North Dakota,Northwood Public School,58267,2,
spring_summer_2025,North Dakota,Kulm Public School,,2,
spring_summer_2025,North Dakota,Zeeland Public School,58581,2,
spring_summer_2025,Iowa,Lenox Community School District,50851,2,
spring_summer_2025,South Carolina,Northside Elementary,,2,450183000189|450306000825|450387001137
spring_summer_2025,South Carolina,Nope,,2,
spring_summer_2025,Iowa,Woodbine,51579,2,
spring_summer_2025,Iowa,North High School,,2,190858001977|190897000566|192640001522
spring_summer_2025,Iowa,No,,2,
spring_summer_2025,Iowa,Sioux City Community Schools,51101,2,
spring_summer_2025,Arkansas,WASHINGTON ELEMENTARY SCHOOL,,2,050612000326|050900001409
spring_summer_2025,Washington,Auburn Adventist Academy,98092,2,
spring_summer_2025,Nebraska,Cambridge Public School,69022,2,
spring_summer_2025,North Dakota,Linton Public School,,2,
spring_summer_2025,North Dakota,Munich Public School,58352,2,
spring_summer_2025,North Dakota,Grafton Public School,,2,
spring_summer_2025,Pennsylvania,Germantown Friends School,19144,2,
spring_summer_2025,Illinois,Na,,2,
spring_summer_2025,Missouri,Raytown Success Academy,64133,2,
spring_summer_2025,California,San Domenico School,94960,2,
spring_summer_2025,Virginia,Augusta County Public Schools,,2,
spring_summer_2025,California,Las Virgenes Unified School District,91302,2,
spring_summer_2025,Arkansas,Ozark Catholic Academy,72770,2,
spring_summer_2025,Iowa,Jefferson Elementary School,,2,190771000378|190858000474|190897000548|191878001104|192013001187
spring_summer_2025,North Dakota,Bowbells Public School,,2,
spring_summer_2025,Iowa,Thomas Jefferson High School,,2,190654000263|190822000435
spring_summer_2025,California,Roseland University Prep,95407,2,
spring_summer_2025,Missouri,Lutheran High School South,63123,2,
spring_summer_2025,New York,Rensselaer City School District,12144,2,
spring_summer_2025,Missouri,Mary Institute and St. Louis Country Day School,63124,2,
spring_summer_2025,New Hampshire,Bishop Guertin High School,3060,2,
spring_summer_2025,Maryland,The Bryn Mawr School,21210,2,
spring_summer_2025,Massachusetts,Thayer Academy,2184,2,
spring_summer_2025,Maryland,HCPSS,,2,
spring_summer_2025,Alabama,Orange Beach City Schools,36561,2,
spring_summer_2025,Alabama,N/A,,2,
spring_summer_2025,Maryland,no,,2,
spring_summer_2025,Virginia,Roanoke County Public Schools,,2,
spring_summer_2025,Tennessee,Hancock County Middle/High School,37869,2,
spring_summer_2025,Tennessee,Liberty School,,2,
spring_summer_2025,Michigan,Elmwood Elementary School,,2,263222006748|263552007163
spring_summer_2025,Montana,Forsyth Public Schools,59327,2,
spring_summer_2025,North Dakota,Medina Public School,58467,2,
spring_summer_2025,North Carolina,River Bend Middle,,2,370069002438|370472003412
spring_summer_2025,Georgia,Springmont School,30327,2,
spring_summer_2025,Maryland,Calvert County Public Schools,,2,
spring_summer_2025,Tennessee,DCHS,,2,
spring_summer_2025,Maryland,FCPS,21701,2,
spring_summer_2025,Maryland,N/a,,2,
spring_summer_2025,Maryland,Baltimore County Public Schools,21204,2,
spring_summer_2025,Maryland,HES,,2,
spring_summer_2025,Maryland,Online Learning Program,,2,
spring_summer_2025,Maryland,CHS,,2,
spring_summer_2025,Michigan,Anonymous,,2,
spring_summer_2025,Maryland,ARL,,2,
spring_summer_2025,Maryland,Magnolia Elementary,,2,240039000706|240051001097
spring_summer_2025,Alabama,Chickasaw City Schools,36611,2,
spring_summer_2025,Montana,Lambert Public School,,2,
spring_summer_2025,Texas,Trinity Klein Lutheran School,77379,2,
spring_summer_2025,Maryland,Germantown Elementary,,2,240006000074|240048000843
spring_summer_2025,Maryland,Southern Middle,,2,240006000131|240015001392|240036000675
spring_summer_2025,Maryland,GHS,,2,
spring_summer_2025,Maryland,Not sharing,,2,
spring_summer_2025,Illinois,CCSD 15,,2,
spring_summer_2025,Maryland,high school,,2,
spring_summer_2025,Iowa,Alburnett Community School,52202,2,
spring_summer_2025,Montana,Big Sky School District,59730,2,
spring_summer_2025,Texas,Wylie High School,,2,484650005293|484653005295
spring_summer_2025,Maryland,High School,,2,
spring_summer_2025,Maryland,Choices Academy,,2,
spring_summer_2025,Maryland,Choices Academy,21804,2,
spring_summer_2025,Maryland,SMS,,2,
spring_summer_2025,Virginia,Chesterfield County Public Schools,,2,
spring_summer_2025,Virginia,Middle School,,2,
spring_summer_2025,Texas,N/A,,2,
spring_summer_2025,North Carolina,n/a,,2,
spring_summer_2025,Washington,Lincoln High School,,2,530682000995|530771003719|530870001476|530945001607
spring_summer_2025,Maryland,ARISE Academy,,2,
spring_summer_2025,Maryland,ARISE Academy,21666,2,
spring_summer_2025,Maryland,CMS,,2,
spring_summer_2025,Maryland,Charles County Public Schools,20603,2,
spring_summer_2025,Maryland,Charles County Public Schools,20646,2,
spring_summer_2025,Virginia,Culpeper County Public Schools,22701,2,
spring_summer_2025,North Dakota,Lidgerwood Public School,,2,
spring_summer_2025,North Dakota,Nedrose Public School,,2,
spring_summer_2025,North Dakota,Mandaree School,58757,2,
spring_summer_2025,North Dakota,Washburn Public School,58577,2,
spring_summer_2025,California,Mark Twain Elementary,,2,060969001039|062121002543|062316003539|062397003609|063315011719|063384005268
spring_summer_2025,Virginia,MMS,,2,
spring_summer_2025,Alabama,Hoërskool Silverton,,2,
spring_summer_2025,North Carolina,River Bend Middle School,,2,370069002438|370472003412
spring_summer_2025,Oklahoma,Monte Cassino School,74114,2,
spring_summer_2025,Maryland,EMS,,2,
spring_summer_2025,Maryland,SMES,,2,
spring_summer_2025,Virginia,Liberty Middle School,,2,510036000143|510126002271|510183000773
spring_summer_2025,Virginia,Prefer not to answer,,2,
spring_summer_2025,Mississippi,NORTHWEST RANKIN MIDDLE SCHOOL,39232,2,
spring_summer_2025,Virginia,E.W. Chittum Elementary School,23321,2,
spring_summer_2025,Virginia,FDHS,,2,
spring_summer_2025,Virginia,Portlock Primary School,23324,2,
spring_summer_2025,Virginia,Chittum Elementary,,2,
spring_summer_2025,California,Redwood High School,,2,063639006196|063879006523|064116006803
spring_summer_2025,Virginia,Deep Creek Middle,23321,2,510081000289|510084003146
spring_summer_2025,Virginia,Chittum Elementary,23321,2,
spring_summer_2025,Virginia,E.W. Chittum Elementary,,2,
spring_summer_2025,Virginia,Deep Creek Middle School,23320,2,510081000289|510084003146
spring_summer_2025,California,Egling Middle School,95932,2,
spring_summer_2025,Pennsylvania,Milton Hershey School,17033,2,
spring_summer_2025,Virginia,LC Bird High School,23832,2,
spring_summer_2025,Virginia,Norton Elementary and Middle School,24273,2,
spring_summer_2025,Wisconsin,University School of Milwaukee,,2,
spring_summer_2025,Virginia,Norton Elementary & Middle School,24273,2,
spring_summer_2025,Virginia,high school,,2,
spring_summer_2025,Virginia,Randolph Elementary School,,2,510027000013|510165000689
spring_summer_2025,Virginia,CCPS,,2,
spring_summer_2025,Virginia,Dinwiddie Middle School,23841,2,
spring_summer_2025,Virginia,n/a,,2,
spring_summer_2025,Virginia,EC Glass High School,24501,2,
spring_summer_2025,Virginia,JW Adams Combined School,24279,2,
spring_summer_2025,New York,Clinton Hill Middle School,11238,2,
spring_summer_2025,Virginia,Masons Cove Elementary School,24153,2,
spring_summer_2025,Virginia,Mt Airy Elementary,24557,2,
spring_summer_2025,Virginia,King & Queen Central High School,23085,2,
spring_summer_2025,Virginia,Westside Elementary,,2,510201002444|510330001437
spring_summer_2025,Virginia,Central High,,2,510207000878|510231000944|510351001543|510408001789
spring_summer_2025,Virginia,Madison Primary School,22727,2,
spring_summer_2025,Virginia,JL Simpson Middle School,20175,2,
spring_summer_2025,Alaska,TKTK,,2,
spring_summer_2025,Virginia,Mountain View Elementary School,20132,2,510009002173|510015201938|510225002415|510313001168|510333001463|510337001485|510339002545
spring_summer_2025,Virginia,The Academies of Loudoun,,2,
spring_summer_2025,Virginia,Smarts Mill Middle,,2,
spring_summer_2025,Washington,Vashon High School,98070,2,
spring_summer_2025,New York,SUNY Brockport,,2,
spring_summer_2025,Alabama,Dothan City Schools,36305,2,
spring_summer_2025,Alabama,Ider,35981,2,
spring_summer_2025,Alabama,Collinsville,,2,
spring_summer_2025,Alabama,Dekalb County Technology Center,,2,
spring_summer_2025,Alabama,Geraldine,35974,2,
spring_summer_2025,Alabama,Geraldine,,2,
spring_summer_2025,Alabama,Fyffe,,2,
spring_summer_2025,Alabama,DeKalb County Technology Center,,2,
spring_summer_2025,Alabama,Sylvania High School,35988,2,
spring_summer_2025,Alabama,Plainview,,2,
spring_summer_2025,Alabama,n/a,,2,
spring_summer_2025,Alabama,Ruhama Jr High School,35967,2,
spring_summer_2025,Alabama,Plainview High School,,2,
spring_summer_2025,Alabama,Girard Primary School,,2,
spring_summer_2025,Alabama,Highlands Elementary School,,2,010123001448|010180000630
spring_summer_2025,California,Chaffey College,91737,2,
spring_summer_2025,Pennsylvania,Rockwood Area School District,15557,1,
spring_summer_2025,Utah,Vineyard Elementary,84059,1,
spring_summer_2025,California,San Diego Jewish academy,,1,
spring_summer_2025,New York,im nervous about reporting this,10023,1,
spring_summer_2025,North Dakota,CRACTC,,1,
spring_summer_2025,North Dakota,North Border - Pembina School,58271,1,
spring_summer_2025,North Dakota,St. Joseph Catholic School and St. Mary Academy,58301,1,
spring_summer_2025,North Dakota,Bowman County School,,1,
spring_summer_2025,North Dakota,Maddock Public School,,1,
spring_summer_2025,North Dakota,Killdeer Public School,58646,1,
spring_summer_2025,North Dakota,Killdeer Public School,,1,
spring_summer_2025,North Dakota,RenewEd Program through Bismarck Public Schools,58504,1,
spring_summer_2025,North Dakota,Surrey Public School,58785,1,
spring_summer_2025,North Dakota,Northern Cass Public School,58078,1,
spring_summer_2025,North Dakota,Minto Public School,,1,
spring_summer_2025,North Dakota,New Rockford-Sheyenne Public School,58464,1,
spring_summer_2025,North Dakota,Newburg United School,58762,1,
spring_summer_2025,North Dakota,napoleon public school,58561,1,
spring_summer_2025,North Dakota,New Town Public Schools,58763,1,
spring_summer_2025,North Dakota,Ray Public School,,1,
spring_summer_2025,North Dakota,Langdon Area School,58249,1,
spring_summer_2025,Maine,Education in the Unorganized Territory,,1,
spring_summer_2025,North Dakota,St. Mary's Central High Schools,58504,1,
spring_summer_2025,North Dakota,FPS,,1,
spring_summer_2025,North Dakota,North Border Walhalla,58282,1,
spring_summer_2025,North Dakota,oak grove lutheran MS/HS,58102,1,
spring_summer_2025,North Dakota,Dunseith Public,58329,1,
spring_summer_2025,North Carolina,McVay Elementary School,,1,
spring_summer_2025,North Dakota,School of the Holy Family,58554,1,
spring_summer_2025,North Dakota,Trinity Catholic Schools,58601,1,
spring_summer_2025,North Dakota,Sargent Central Public School,,1,
spring_summer_2025,North Dakota,May-Port CG School District,58257,1,
spring_summer_2025,North Dakota,MLS,58761,1,
spring_summer_2025,North Dakota,Strasburg Public School,,1,
spring_summer_2025,North Dakota,Dakota Memorial School in Minot,58702,1,
spring_summer_2025,North Dakota,Turtle Lake Mercer,58575,1,
spring_summer_2025,North Dakota,Great Western Network,,1,
spring_summer_2025,North Dakota,Surrey School,58785,1,
spring_summer_2025,North Dakota,Leeds Public School,58386,1,
spring_summer_2025,North Dakota,Bowman County Public School,,1,
spring_summer_2025,North Dakota,Burke Central School,58752,1,
spring_summer_2025,Maine,Calais School Dept.,4619,1,
spring_summer_2025,North Dakota,New Rockford-Sheyenne Public School,58356,1,
spring_summer_2025,North Dakota,St. John Public School,58369,1,
spring_summer_2025,North Dakota,Nesson Public School,58849,1,
spring_summer_2025,North Dakota,West Fargo School,,1,
spring_summer_2025,North Dakota,Ashely Public School,58413,1,
spring_summer_2025,North Dakota,Enderlin Area Public School,58027,1,
spring_summer_2025,North Dakota,Shanley High School/Sacred Heart Middle School,58104,1,
spring_summer_2025,North Dakota,Minto Public School District #20,58261,1,
spring_summer_2025,D.C.,St. Albans School,,1,
spring_summer_2025,North Dakota,Selfridge Public School,,1,
spring_summer_2025,Maine,SeDoMoCha,4426,1,
spring_summer_2025,North Dakota,Turtle Lake-Mercer School,58575,1,
spring_summer_2025,North Dakota,Napoleon Public School,,1,
spring_summer_2025,North Dakota,Sargen Central Public Schools,58032,1,
spring_summer_2025,North Dakota,Minot Public Schools,58703,1,
spring_summer_2025,North Dakota,Minot Public,,1,
spring_summer_2025,North Dakota,North Star Public School,,1,
spring_summer_2025,North Dakota,Fessenden Bowdon Public School,58438,1,
spring_summer_2025,North Dakota,Cathedral Elementary School,58504,1,
spring_summer_2025,North Dakota,Drayton Public School,58445,1,
spring_summer_2025,North Dakota,Sacred Heart Middle School,58104,1,
spring_summer_2025,North Dakota,Pingree Buchanan Public School,,1,
spring_summer_2025,North Dakota,Bowman county school,58623,1,
spring_summer_2025,North Dakota,LaMoure Public School,58458,1,
spring_summer_2025,North Dakota,Fairmount Public School,58030,1,
spring_summer_2025,North Dakota,Glen Ullin,58631,1,
spring_summer_2025,North Dakota,Turtle Lake Mercer School,58575,1,
spring_summer_2025,Maine,RSU 64,4427,1,
spring_summer_2025,North Dakota,Trenton Public School,58853,1,
spring_summer_2025,Maine,York School Department,3909,1,
spring_summer_2025,Maine,MSAD59,4950,1,
spring_summer_2025,Maine,South Portland School Department,,1,
spring_summer_2025,North Dakota,Bottineau Public,58318,1,
spring_summer_2025,Maine,The Eddy Middle School,4261,1,
spring_summer_2025,North Dakota,Eight Mile School Trenton,58853,1,
spring_summer_2025,North Dakota,St. Monica's Montessori,58103,1,
spring_summer_2025,North Dakota,Garrison Public School,58540,1,
spring_summer_2025,North Dakota,Mohall Lansford Sherwood School District,58761,1,
spring_summer_2025,Maine,na,,1,
spring_summer_2025,North Dakota,Northern Cass Public School,58048,1,
spring_summer_2025,North Dakota,TGU,58788,1,
spring_summer_2025,North Dakota,Northern Cass Public School,,1,
spring_summer_2025,North Dakota,Bowman County,58623,1,
spring_summer_2025,North Dakota,Griggs County Central,58425,1,
spring_summer_2025,North Dakota,Mt. Pleasant School,58367,1,
spring_summer_2025,North Dakota,Montpelier Public School,,1,
spring_summer_2025,North Dakota,Bismarck Career Academy and Bismarck High School,58501,1,
spring_summer_2025,North Dakota,Bismarck public schools,58501,1,
spring_summer_2025,North Dakota,New Rockford Sheyenne Public School,58356,1,
spring_summer_2025,North Dakota,Central Cass Public School,58012,1,
spring_summer_2025,North Dakota,Prefer not to say,58703,1,
spring_summer_2025,Maine,Schenck High School/Opal Myrick Elementary School,4430,1,
spring_summer_2025,North Dakota,North Shore Plaza,58771,1,
spring_summer_2025,North Dakota,St. Mary's Academy,,1,
spring_summer_2025,North Dakota,Victory Christian School,58401,1,
spring_summer_2025,North Dakota,Trenton School,58853,1,
spring_summer_2025,North Dakota,Mandaree  Public School,58757,1,
spring_summer_2025,North Dakota,Turtle Lake - Mercer Public School,58575,1,
spring_summer_2025,North Dakota,Bowman County School,58623,1,
spring_summer_2025,North Dakota,Litchville-Marion Public School,,1,
spring_summer_2025,North Dakota,Anamoose Public School,58712,1,
spring_summer_2025,North Dakota,Finley Sharon Public School,58230,1,
spring_summer_2025,North Dakota,NEW SALEM-ALMONT HIGH SCHOOL - Prarie View Elementary,,1,
spring_summer_2025,North Dakota,Nedrose Public Schools,58701,1,
spring_summer_2025,North Dakota,Griggs County Central School,58425,1,
spring_summer_2025,North Dakota,Hope-Page Public School,58064,1,
spring_summer_2025,North Dakota,Northern Cass School,58048,1,
spring_summer_2025,North Dakota,Wyndmere Public School,,1,
spring_summer_2025,North Dakota,Dakota Memorial School,58104,1,
spring_summer_2025,North Dakota,Prefernottoanswer Middle School,,1,
spring_summer_2025,North Dakota,New Rockford-Sheyenne School,58356,1,
spring_summer_2025,North Dakota,North Border School District,,1,
spring_summer_2025,North Dakota,HMB Public School,58544,1,
spring_summer_2025,North Dakota,Glenburn Public School,,1,
spring_summer_2025,North Dakota,Enderlin Area Schools,58027,1,
spring_summer_2025,North Dakota,Velva School,58790,1,
spring_summer_2025,North Dakota,Trinity Catholic,58601,1,
spring_summer_2025,Maine,RSU 29,4730,1,
spring_summer_2025,North Dakota,Career Academy,58501,1,
spring_summer_2025,North Dakota,Maple Valley School District,58071,1,
spring_summer_2025,North Dakota,Fessenden-Bowdon School,,1,
spring_summer_2025,North Dakota,St. Mary's Central High School,58503,1,
spring_summer_2025,North Dakota,St. Mary's Central High School,58501,1,
spring_summer_2025,Maine,George Stevens Academy,4614,1,
spring_summer_2025,Maine,Regional School District 2,,1,
spring_summer_2025,Wisconsin,West Bend High Schools,53095,1,
spring_summer_2025,North Dakota,St. Mary's Academy,58502,1,
spring_summer_2025,North Dakota,St. Mary's Central High School,,1,
spring_summer_2025,North Dakota,Richardton-Taylor Public School,58652,1,
spring_summer_2025,California,Don’t want to share,,1,
spring_summer_2025,North Dakota,Selfridge Public Schools #8,58568,1,
spring_summer_2025,North Dakota,Trinity Catholic school,58601,1,
spring_summer_2025,North Dakota,Nope Elementary,,1,
spring_summer_2025,North Dakota,Invitation Hill Adventist School,58601,1,
spring_summer_2025,Missouri,Pembroke Hill School,64113,1,
spring_summer_2025,Ohio,Marburn academy,,1,
spring_summer_2025,Ohio,Rhodes State College (but I teach various high school for college credit),,1,
spring_summer_2025,Michigan,Forest Hills Public Schools,,1,
spring_summer_2025,North Dakota,Fargo High,,1,
spring_summer_2025,North Dakota,Fargo Public School,58103,1,
spring_summer_2025,Pennsylvania,Na,,1,
spring_summer_2025,North Dakota,North Star,,1,
spring_summer_2025,North Dakota,Powers Lake School,,1,
spring_summer_2025,North Dakota,Fordville-Lankin Public School District #5,58270,1,
spring_summer_2025,North Dakota,Dickinson Public Schools,58601,1,
spring_summer_2025,Montana,Dr ew coffin school (Alberta Canada),,1,
spring_summer_2025,North Dakota,New Town Public School District 1,58763,1,
spring_summer_2025,North Dakota,LaMoure Public School,,1,
spring_summer_2025,Massachusetts,Springfield Honors Academy,,1,
spring_summer_2025,North Dakota,South Prairie School,58701,1,
spring_summer_2025,North Dakota,Mt. Pleasant Public School,,1,
spring_summer_2025,North Dakota,Hettinger,,1,
spring_summer_2025,North Dakota,ST Joseph Catholic School,58301,1,
spring_summer_2025,North Dakota,Berthold Public School,58718,1,
spring_summer_2025,North Dakota,NCass,,1,
spring_summer_2025,North Dakota,South Prairie School District,58701,1,
spring_summer_2025,North Dakota,Hatton Public School,58240,1,
spring_summer_2025,North Dakota,Oakes Public Schools,58474,1,
spring_summer_2025,North Dakota,Dakota Memorial School,,1,
spring_summer_2025,North Dakota,ALEXANDER PUBLIC SCHOOLS/WILLISTON BASIN #7,,1,
spring_summer_2025,North Dakota,Grafton School,58237,1,
spring_summer_2025,North Dakota,Enderlin Area School,58027,1,
spring_summer_2025,North Dakota,Hebron Public School,,1,
spring_summer_2025,Pennsylvania,The Watson Institute WISCA program,15143,1,
spring_summer_2025,California,xyz,,1,
spring_summer_2025,North Dakota,Belfield Public School,58622,1,
spring_summer_2025,North Dakota,FNH,,1,
spring_summer_2025,North Dakota,Bowbells Public School,58721,1,
spring_summer_2025,New York,AFS Intercultural Programs,,1,
spring_summer_2025,North Dakota,Minot Public Schools,58701,1,
spring_summer_2025,Maine,Mount Merici Academy,,1,
spring_summer_2025,Iowa,Westwood Community School District,51055,1,
spring_summer_2025,North Dakota,Kidder County School,58482,1,
spring_summer_2025,Iowa,Columbus CSD,52738,1,
spring_summer_2025,Iowa,Lake Mills Community Schools,50450,1,
spring_summer_2025,Washington,Partners In Education,,1,
spring_summer_2025,Iowa,North Iowa Community School District,50424,1,
spring_summer_2025,Iowa,Columbus Community School District,52738,1,
spring_summer_2025,Iowa,Columbus Community Junior High School. Columbus Community High School,52738,1,
spring_summer_2025,Iowa,Iowa Falls-Alden,50126,1,
spring_summer_2025,Iowa,Atlantic Community School District,50022,1,
spring_summer_2025,Iowa,Lake Mills Community School District,50450,1,
spring_summer_2025,Iowa,Winterset CSD,50273,1,
spring_summer_2025,Iowa,Griswold Community Schools,51532,1,
spring_summer_2025,Iowa,Lenox Community Schools,50851,1,
spring_summer_2025,Iowa,Lenox School District,50851,1,
spring_summer_2025,North Dakota,New Rockford Sheyenne,,1,
spring_summer_2025,New York,Vertex Academy (Soundview Bronx NY),10472,1,
spring_summer_2025,Nevada,test-school,,1,
spring_summer_2025,Iowa,Central DeWitt,52742,1,
spring_summer_2025,South Carolina,Beaufort County School District,29906,1,
spring_summer_2025,South Carolina,Northside Middle,,1,450234000594|450273001271
spring_summer_2025,Maine,Washington Academy,4626,1,
spring_summer_2025,South Carolina,Maryville Elementary & Sampit Elementary,29440,1,
spring_summer_2025,South Carolina,Not employed there anymore,,1,
spring_summer_2025,North Carolina,MBHS,,1,
spring_summer_2025,South Carolina,Fine Arts Center,29651,1,
spring_summer_2025,South Carolina,n/a,,1,
spring_summer_2025,South Carolina,Riverside Middle,,1,450087001326|450231000459
spring_summer_2025,South Carolina,Alternative Educational Services,29072,1,
spring_summer_2025,South Carolina,BHS,,1,
spring_summer_2025,South Carolina,Academy for Success,29036,1,
spring_summer_2025,South Carolina,middle school,,1,
spring_summer_2025,South Carolina,AES,29072,1,
spring_summer_2025,South Carolina,no thanks,,1,
spring_summer_2025,South Carolina,ABC,29999,1,
spring_summer_2025,South Carolina,wefbwefl,8861,1,
spring_summer_2025,South Carolina,The College Center,29072,1,
spring_summer_2025,Iowa,Woodrow Wilson,50208,1,
spring_summer_2025,South Carolina,Spartanburg district 5,,1,
spring_summer_2025,South Carolina,Fine Arts Center,29609,1,
spring_summer_2025,South Carolina,Sullivan Center - High School Alternative Program,29605,1,
spring_summer_2025,South Carolina,Institute at Erskine,29169,1,
spring_summer_2025,South Carolina,Not going to answer,,1,
spring_summer_2025,South Carolina,AR Lewis Opportuntity School,,1,
spring_summer_2025,South Carolina,prefer not to identify,29033,1,
spring_summer_2025,South Carolina,CCHS,29135,1,
spring_summer_2025,Iowa,Dallas Center-Grimes,,1,
spring_summer_2025,Iowa,Fort Dodge Community Schools,50501,1,
spring_summer_2025,Iowa,Maple Valley Anthon Oto CSD,51034,1,
spring_summer_2025,North Dakota,Trinity Junior High and High School,58601,1,
spring_summer_2025,South Carolina,WOOD Elementary,,1,
spring_summer_2025,South Carolina,West Greenville Middle School Alternative Program,29617,1,
spring_summer_2025,South Carolina,AR Lewis Opportunity School,29671,1,
spring_summer_2025,South Carolina,East End Academy,29646,1,
spring_summer_2025,Iowa,Cedar Rapids Community School District. PK-12,,1,
spring_summer_2025,South Carolina,Hillcrest Middle,,1,450231001245|450390201079
spring_summer_2025,North Dakota,St. Joseph's,58301,1,
spring_summer_2025,South Carolina,West Greenville School,29611,1,
spring_summer_2025,South Carolina,Iis,,1,
spring_summer_2025,South Carolina,Colleton Academy for Success (CAS),29488,1,
spring_summer_2025,Iowa,Lenox CSD,,1,
spring_summer_2025,South Carolina,Do not want to say,,1,
spring_summer_2025,South Carolina,SOAR Academy,,1,
spring_summer_2025,North Dakota,Wing Public School,58494,1,
spring_summer_2025,D.C.,I work as a contractor in multiple schools in DC.,,1,
spring_summer_2025,Maine,Washington Academy HS,,1,
spring_summer_2025,Maryland,Tom Lockerman High School,,1,
spring_summer_2025,South Carolina,Alternative Eduction Services,29072,1,
spring_summer_2025,South Carolina,Greenwood School District 50,29649,1,
spring_summer_2025,Iowa,West Central CSD,50655,1,
spring_summer_2025,South Carolina,NA,,1,
spring_summer_2025,Iowa,All Points Academy at Central Campus,50309,1,
spring_summer_2025,Iowa,Easton Valley Community School District,52069,1,
spring_summer_2025,Iowa,Forest City Schools,50436,1,
spring_summer_2025,Iowa,Woodbine Community School District,51579,1,
spring_summer_2025,Iowa,Dike New Hartford,,1,
spring_summer_2025,North Dakota,Our Redeemers,58701,1,
spring_summer_2025,Iowa,Woodbine Community School,51579,1,
spring_summer_2025,North Dakota,Velva Public School,58790,1,
spring_summer_2025,Iowa,Hinton Community School,51024,1,
spring_summer_2025,Iowa,Northeast,52750,1,
spring_summer_2025,New York,Hebrew Academy of Long Beach,,1,
spring_summer_2025,South Carolina,Ascent Classical School,29730,1,
spring_summer_2025,South Carolina,yannick,29150,1,
spring_summer_2025,Iowa,Olin,52320,1,
spring_summer_2025,South Carolina,Five Virtural School,,1,
spring_summer_2025,New Jersey,Ranney School,7724,1,
spring_summer_2025,Virginia,Center I,22901,1,
spring_summer_2025,Iowa,Carver Elementary,,1,190897001596|190948001532
spring_summer_2025,Alabama,MCPSS Academy of Virtual Learning,36606,1,
spring_summer_2025,Arkansas,Searcy Schools,72143,1,
spring_summer_2025,Arkansas,Conway Public Schools,72034,1,
spring_summer_2025,Massachusetts,Prefer to not say,,1,
spring_summer_2025,Iowa,Options Academy,50315,1,
spring_summer_2025,Iowa,Notre Dame,,1,
spring_summer_2025,Iowa,Ames,,1,
spring_summer_2025,Arkansas,KIPP:DELTA COLLEGIATE HIGH SCHOOL/KIPP DELTA COLLEGE PREPARATORY SCHOOL,72342,1,
spring_summer_2025,Ohio,Saint Vincent-Saint Mary High School,44303,1,
spring_summer_2025,Arkansas,South Conway County School District,72110,1,
spring_summer_2025,Indiana,Brebeuf Jesuit Preparatory School,46268,1,
spring_summer_2025,Iowa,Kp,,1,
spring_summer_2025,Arkansas,CENTRAL HIGH SCHOOL,,1,050768000476|050900000607
spring_summer_2025,Arkansas,ASUN in Jonesboro,,1,
spring_summer_2025,Iowa,Lenox Community schools,50801,1,
spring_summer_2025,Iowa,MFLMM CSD,52159,1,
spring_summer_2025,Arkansas,"NewStart Academy ALE, Wynne School District",72396,1,
spring_summer_2025,North Carolina,GRACE Christian School,27606,1,
spring_summer_2025,Iowa,Waterloo CSD,,1,
spring_summer_2025,South Carolina,Scott's Branch Middle/High School,29148,1,
spring_summer_2025,Nebraska,Omaha Nation Public School,68039,1,
spring_summer_2025,South Carolina,Northside Middle School,,1,450234000594|450273001271
spring_summer_2025,South Carolina,Paul Lawrence Dunbar Child Development Cent,29651,1,
spring_summer_2025,New Hampshire,It varies,,1,
spring_summer_2025,Arkansas,Founders Classical Academy West Little Rock,72211,1,
spring_summer_2025,Iowa,No Contact,,1,
spring_summer_2025,Texas,Homeschool,,1,
spring_summer_2025,Minnesota,LINCOLN ELEMENTARY,,1,270012800632|270306000086|270444000192|271137001635|271176000562|271824000960|272805001225|273351001486|274236001791
spring_summer_2025,Arkansas,Pangburn School District,,1,
spring_summer_2025,North Dakota,NEW ROCKFORD-SHEYENNE PUBLIC SCHOOL,58356,1,
spring_summer_2025,Minnesota,Nevis Public School,56467,1,
spring_summer_2025,Arkansas,Alma School District,,1,
spring_summer_2025,Ohio,Northcoast medical training acedemy,44240,1,
spring_summer_2025,Arkansas,Augusta,72006,1,
spring_summer_2025,Iowa,Horn Elementary,,1,
spring_summer_2025,Arkansas,Mountain View School District,72560,1,
spring_summer_2025,Iowa,West Central Community School,50655,1,
spring_summer_2025,Arkansas,Paris School District,,1,
spring_summer_2025,Arkansas,Augusta Schools,72006,1,
spring_summer_2025,New Hampshire,WMS,,1,
spring_summer_2025,Arkansas,New Horizons ALE Lake Hamilton School District,71964,1,
spring_summer_2025,Arkansas,Jonesboro PreJ,72401,1,
spring_summer_2025,Arkansas,NO,,1,
spring_summer_2025,Arkansas,Mountain View School District (I'm District Admin),72560,1,
spring_summer_2025,North Dakota,South East Region Career And Technology Center -Oakes Campus,58474,1,
spring_summer_2025,South Carolina,Riverside Middle School,,1,450087001326|450231000459
spring_summer_2025,Arkansas,Dumas School District,71639,1,
spring_summer_2025,Arkansas,I would rather not say,,1,
spring_summer_2025,Arkansas,Pangburn Schools,72121,1,
spring_summer_2025,Arkansas,Drew Central School District,71655,1,
spring_summer_2025,North Dakota,St. John public school,,1,
spring_summer_2025,North Dakota,Surrey Public School,,1,
spring_summer_2025,Arkansas,TIMBO ELEMENTARY SCHOOL   & TIMBO HIGH SCHOOL,72680,1,
spring_summer_2025,Arkansas,NA,,1,
spring_summer_2025,Iowa,Lake Mills Middle/High School,50450,1,
spring_summer_2025,Arkansas,Brinkley School District,72021,1,
spring_summer_2025,Arkansas,No Thank You,,1,
spring_summer_2025,Minnesota,GHEC,56039,1,
spring_summer_2025,Arkansas,WHE,,1,
spring_summer_2025,Iowa,Schleswig CSD,51461,1,
spring_summer_2025,Arkansas,Mineral Springs School District,71851,1,
spring_summer_2025,Arkansas,SOAR @ Owl Creek,72703,1,
spring_summer_2025,Arkansas,Westside Consolidated School District,72401,1,
spring_summer_2025,North Dakota,North Sargent Public Schools,58040,1,
spring_summer_2025,Arkansas,Parkers Chapel School District,71730,1,
spring_summer_2025,Arkansas,Bod jones,,1,
spring_summer_2025,Arkansas,Not sharing,,1,
spring_summer_2025,Arkansas,N/A,72700,1,
spring_summer_2025,Arkansas,Success Achievement Academy,72401,1,
spring_summer_2025,Arkansas,Eureka Springs Schools,72632,1,
spring_summer_2025,Arkansas,REAP,72756,1,
spring_summer_2025,Arkansas,Hampton,71744,1,
spring_summer_2025,Arkansas,FH,,1,
spring_summer_2025,Illinois,G,60491,1,
spring_summer_2025,South Carolina,mountain view prep,29307,1,
spring_summer_2025,Arkansas,Mena Public Schools--Mena High and Mena Middle,71953,1,
spring_summer_2025,Arkansas,SOAR Academy,72701,1,
spring_summer_2025,North Dakota,Harvey Public School,58438,1,
spring_summer_2025,Arkansas,Fayetteville School District,72701,1,
spring_summer_2025,New Hampshire,Cardigan Mountain School,3741,1,
spring_summer_2025,New York,Ogdensburg City School District,13669,1,
spring_summer_2025,California,Marin Academy,94901,1,
spring_summer_2025,Washington,"Fraser Heights Secondary, Surrey, BC, Canada",,1,
spring_summer_2025,Utah,Anthem Prep,84095,1,
spring_summer_2025,South Carolina,GREEN Charter,,1,
spring_summer_2025,Massachusetts,Springfield Prep,,1,
spring_summer_2025,California,The Branson School,94957,1,
spring_summer_2025,Massachusetts,RFK Community Alliance- Doctor Franklin Perkins School,1523,1,
spring_summer_2025,Massachusetts,Chs,,1,
spring_summer_2025,Washington,Three Rivers Christian School,98632,1,
spring_summer_2025,North Dakota,North shore plaza,,1,
spring_summer_2025,Maine,RSU 14 Windham and Raymond Schools,4062,1,
spring_summer_2025,South Carolina,PACE Academy,29203,1,
spring_summer_2025,California,Laurel Springs School,93023,1,
spring_summer_2025,Connecticut,Hopkins School,6515,1,
spring_summer_2025,Nebraska,"Cambridge Public School  Cambridge, NE",69022,1,
spring_summer_2025,Massachusetts,Dighton-Rehoboth Regional School District,2764,1,
spring_summer_2025,Connecticut,Kingswood Oxford School,6119,1,
spring_summer_2025,New Hampshire,Berlin Middle High School,3570,1,
spring_summer_2025,Massachusetts,Norman E. Day Elementary,,1,
spring_summer_2025,Texas,Prairiland ISD,,1,
spring_summer_2025,Connecticut,Wooster School,6896,1,
spring_summer_2025,Texas,Munday CISD,76371,1,
spring_summer_2025,Nebraska,Cambridge Public Schools,69022,1,
spring_summer_2025,Massachusetts,Wilmington Public Schools,,1,
spring_summer_2025,Iowa,Janesville Consolidated School District,50647,1,
spring_summer_2025,California,Baem,,1,
spring_summer_2025,Arkansas,Westside High School,,1,050402000146|051402001267
spring_summer_2025,Iowa,Pleasant Valley community school district,52722,1,
spring_summer_2025,Pennsylvania,Varsity Tutors,,1,
spring_summer_2025,Rhode Island,Central Falls School District,2863,1,
spring_summer_2025,California,Middle College (Sequoia Union High School District),94061,1,
spring_summer_2025,Georgia,St. Andrew’s School (Savannah(,,1,
spring_summer_2025,North Dakota,Gackle-Streeter Public School,,1,
spring_summer_2025,Arkansas,Riverside Public Schools,72437,1,
spring_summer_2025,North Dakota,Hankinson Public School,58041,1,
spring_summer_2025,North Dakota,Starkweather Public School,,1,
spring_summer_2025,North Dakota,Trinity Elementary West and Trinity Elementary East Private Schools,58601,1,
spring_summer_2025,California,Sequoia High School,,1,062466011689|063639006198|064116006806
spring_summer_2025,North Dakota,"Twining Elementary and Middle school, GFAFB",,1,
spring_summer_2025,North Dakota,DHS,,1,
spring_summer_2025,New York,Public School,,1,
spring_summer_2025,North Dakota,Maple Valley Public School,,1,
spring_summer_2025,North Dakota,gackle streeter,,1,
spring_summer_2025,Arkansas,Ramay and Woodland,72701,1,
spring_summer_2025,North Dakota,Elementary School,,1,
spring_summer_2025,North Dakota,St. Joseph School,,1,
spring_summer_2025,Minnesota,The Blake School,,1,
spring_summer_2025,Maine,RSU 67,4457,1,
spring_summer_2025,Maine,Saco Schools,4072,1,
spring_summer_2025,North Dakota,Turtle Lake Mercer,,1,
spring_summer_2025,North Dakota,Lewis & Clark Elementary,,1,
spring_summer_2025,North Dakota,Fort Yates Community school,,1,
spring_summer_2025,Arkansas,SOAR Academy,72704,1,
spring_summer_2025,North Dakota,Enderlin Area School,,1,
spring_summer_2025,North Dakota,St. Joseph Catholic School,,1,
spring_summer_2025,Massachusetts,Cohasset Middle School and Cohasset High School,2025,1,
spring_summer_2025,North Dakota,Elgin-New Leipzig Public School,58533,1,
spring_summer_2025,North Dakota,Trinity North,58601,1,
spring_summer_2025,North Dakota,Trinity Catholic Jr High/High School,,1,
spring_summer_2025,North Dakota,Dunseith Day School,,1,
spring_summer_2025,Texas,Hardy Elementary,,1,
spring_summer_2025,Massachusetts,CAPS Educational Collaborative,1473,1,
spring_summer_2025,North Dakota,Holy Family - St. Mary's,,1,
spring_summer_2025,Minnesota,Blake School,55416,1,
spring_summer_2025,Alabama,Redhill,,1,
spring_summer_2025,Ohio,McNicholas high school,45230,1,
spring_summer_2025,Massachusetts,Hanover Public Schools,,1,
spring_summer_2025,Massachusetts,Rather not say,,1,
spring_summer_2025,Illinois,York,,1,
spring_summer_2025,Arkansas,Salem School District,72576,1,
spring_summer_2025,Massachusetts,Watertown Public Schools,2472,1,
spring_summer_2025,California,EF Academy,,1,
spring_summer_2025,West Virginia,Lincoln High School & Lincoln Middle School.  I teach .5 at both,26431,1,
spring_summer_2025,Texas,One in Alvin ISD,,1,
spring_summer_2025,Arkansas,Salem Schools,72576,1,
spring_summer_2025,New York,don't want to give,,1,
spring_summer_2025,New Hampshire,nope,,1,
spring_summer_2025,Minnesota,Sebeka School,,1,
spring_summer_2025,Texas,"Pflugerville Independent school District (Austin, TX)",78660,1,
spring_summer_2025,Arkansas,Success Academy,72405,1,
spring_summer_2025,North Dakota,Shiloh Christian School,,1,
spring_summer_2025,Pennsylvania,Moravian Academy,18020,1,
spring_summer_2025,North Dakota,no thanks,,1,
spring_summer_2025,Maryland,Our Lady of Good Counsel,20832,1,
spring_summer_2025,Connecticut,Thames at Mitchell College,6320,1,
spring_summer_2025,Massachusetts,Eagle Hill,1037,1,
spring_summer_2025,California,"Sa-Hali Secondary School - Kamloops, BC",,1,
spring_summer_2025,D.C.,Lowell School,,1,
spring_summer_2025,Michigan,Catholic Central High School,,1,
spring_summer_2025,Massachusetts,UMass Dartmouth,,1,
spring_summer_2025,Florida,St. Edwards School,32963,1,
spring_summer_2025,Washington,Brewster School District,98812,1,
spring_summer_2025,Minnesota,Saint John's Prep,56321,1,
spring_summer_2025,Iowa,Center Point - Urbana,52213,1,
spring_summer_2025,North Dakota,burke central,,1,
spring_summer_2025,Illinois,None,,1,
spring_summer_2025,California,West Los Angeles College,90230,1,
spring_summer_2025,North Dakota,West Fargo Public Schools,58078,1,
spring_summer_2025,Massachusetts,Excel Academy,,1,
spring_summer_2025,North Dakota,St. Ann's Catholic School,58316,1,
spring_summer_2025,North Dakota,Oakes,58474,1,
spring_summer_2025,North Dakota,SOURIS RIVER CAMPUS ALTERNATIVE HIGH SCHOOL and Minot NOrth,,1,
spring_summer_2025,California,East Los Angeles College,91754,1,
spring_summer_2025,North Dakota,Bismarck Public Schools,58504,1,
spring_summer_2025,Tennessee,Newcomer International Center,38118,1,
spring_summer_2025,Maine,"Ames and Nickerson Schools, RSU71",4973,1,
spring_summer_2025,New York,Dom School,,1,
spring_summer_2025,North Dakota,Wyndmere Public School,58081,1,
spring_summer_2025,Alabama,Dothan Sixth Grade Center,,1,
spring_summer_2025,Alabama,Cullman City Schools,,1,
spring_summer_2025,Arizona,Winkelman Prep,85192,1,
spring_summer_2025,Alabama,Alabama School of Mat and Science,,1,
spring_summer_2025,North Dakota,Northern Cass School,,1,
spring_summer_2025,North Dakota,South Prairie Public School District #70,58701,1,
spring_summer_2025,Arkansas,Gateway ALE,72712,1,
spring_summer_2025,Maryland,Sheppard Pratt School Glyndon,,1,
spring_summer_2025,North Dakota,ROOSEVELT ELEMENTARY SCHOOL,,1,380001400058|380002100313|380003800137|381182000391|381303000448|381609000560
spring_summer_2025,D.C.,Kipp DC,,1,
spring_summer_2025,North Dakota,Warwick public school,,1,
spring_summer_2025,Maine,NA,,1,
spring_summer_2025,Iowa,Waukee Innovation and Learning Center,50263,1,
spring_summer_2025,Iowa,Waterford,,1,
spring_summer_2025,Iowa,Glidden-Ralston,,1,
spring_summer_2025,Iowa,North Fayette Valley,,1,
spring_summer_2025,Iowa,Wilton and Durant CSD,,1,
spring_summer_2025,Illinois,"Nazareth Academy in Lagrange Park, IL",60526,1,
spring_summer_2025,North Dakota,Lynnae Lies,,1,
spring_summer_2025,Alabama,The Alabama School of Math and Science,36604,1,
spring_summer_2025,North Dakota,LEWIS AND CLARK ELEMENTARY SCHOOL,,1,380040500907|380678000200|380813000257|381182000386|381303000445|381988000690
spring_summer_2025,Iowa,Bellevue Community School District,,1,
spring_summer_2025,Pennsylvania,n/a,,1,
spring_summer_2025,Iowa,Seymour Community Schools,,1,
spring_summer_2025,Tennessee,Franklin Christian Academy,37064,1,
spring_summer_2025,New York,Catmose,,1,
spring_summer_2025,North Carolina,Trinity School of Durham and Chapel Hill,27705,1,
spring_summer_2025,Maryland,Notre Dame Preparatory School,,1,
spring_summer_2025,South Carolina,Prefer to keep anonymous,,1,
spring_summer_2025,Michigan,P-CEP,,1,
spring_summer_2025,South Carolina,GHS,,1,
spring_summer_2025,South Carolina,WMS,,1,
spring_summer_2025,Maine,Halifax Grammar School,,1,
spring_summer_2025,New Jersey,Westfield Friends School,8077,1,
spring_summer_2025,South Carolina,.,,1,
spring_summer_2025,Florida,The Pine School,33455,1,
spring_summer_2025,Ohio,GESU,,1,
spring_summer_2025,Florida,"Cayman International School - not in Florida, but there is no option for overseas",,1,
spring_summer_2025,Kentucky,Kentucky Country Day School,40241,1,
spring_summer_2025,Connecticut,Wooster School,6810,1,
spring_summer_2025,North Carolina,Hilltop Christian School,27526,1,
spring_summer_2025,Kentucky,Saint Agnes,41011,1,
spring_summer_2025,Iowa,I thought this was anonymous?,,1,
spring_summer_2025,South Carolina,CCHS,,1,
spring_summer_2025,Indiana,Evansville Day School,47715,1,
spring_summer_2025,South Carolina,Fine Arts Center,,1,
spring_summer_2025,South Carolina,Scott Branch Middle High School Summerton SC,,1,
spring_summer_2025,South Carolina,Midway Elementary,,1,450090000687|450255000659|450270000052
spring_summer_2025,South Carolina,Greenville County High School Alternative Program,,1,
spring_summer_2025,Illinois,DePaul College Prep,,1,
spring_summer_2025,South Carolina,CHS,,1,
spring_summer_2025,Virginia,Cumberland County Middle and High School (split between them),,1,
spring_summer_2025,Ohio,Green High School,,1,390496103648|390500103797
spring_summer_2025,Iowa,asd,,1,
spring_summer_2025,Virginia,Cra,,1,
spring_summer_2025,South Carolina,Carolina High School,,1,
spring_summer_2025,Connecticut,"Greenwich Country Day School - private school in Greenwich CT, 1440 kids",6830,1,
spring_summer_2025,Colorado,Colorado Academy,80235,1,
spring_summer_2025,California,Servite High School,92801,1,
spring_summer_2025,Missouri,Culver-Stockton College,63435,1,
spring_summer_2025,South Carolina,Summerville High School and DuBose Middle School,29483,1,
spring_summer_2025,Montana,Linderman Education Center,59901,1,
spring_summer_2025,New York,Shulamith High School for Girls,11516,1,
spring_summer_2025,New York,The Hebrew academy of long beach,11598,1,
spring_summer_2025,Pennsylvania,The Janus School,,1,
spring_summer_2025,South Carolina,carter elementry,,1,
spring_summer_2025,Maryland,Kantonsschule,,1,
spring_summer_2025,Minnesota,Cristo Rey Jesuit High School - Twin Cities,55408,1,
spring_summer_2025,Washington,Orcas Island School District,98245,1,
spring_summer_2025,Colorado,Denver Christian School,80235,1,
spring_summer_2025,California,de Toledo High School,91307,1,
spring_summer_2025,Hawaii,Seabury Hall,,1,
spring_summer_2025,Virginia,Wakefield School,20198,1,
spring_summer_2025,Iowa,Co bluffs,,1,
spring_summer_2025,Florida,"The Cornerstone School, Ocala, Fl",34471,1,
spring_summer_2025,Hawaii,Mid-Pacific Institute,,1,
spring_summer_2025,Arkansas,in-district public charter conversion,,1,
spring_summer_2025,Arkansas,afaf,,1,
spring_summer_2025,Alabama,Massey High School,,1,
spring_summer_2025,Iowa,N/a,,1,
spring_summer_2025,Iowa,Maple Grove Elementary School,,1,190654000213|193051001503
spring_summer_2025,Ohio,Wilson Middle School,,1,390441001054|390444501389
spring_summer_2025,South Carolina,SOESGM,,1,
spring_summer_2025,Iowa,Marshalltown CSD,50158,1,
spring_summer_2025,Iowa,Grant Wood Elementary School,,1,190486000144|190654000243|191470000886
spring_summer_2025,Iowa,MHS,,1,
spring_summer_2025,Pennsylvania,No thanks,,1,
spring_summer_2025,Illinois,Loyola Academy,60091,1,
spring_summer_2025,Iowa,Turkey Valley School,,1,
spring_summer_2025,Iowa,Cedar Rapids Community School District,,1,
spring_summer_2025,Iowa,Winfield Mount-union CSD,52659,1,
spring_summer_2025,Arkansas,Barton,72355,1,
spring_summer_2025,Michigan,Troy School District,,1,
spring_summer_2025,Illinois,Immaculate Conception Grade School,60126,1,
spring_summer_2025,Arkansas,LAKESIDE HIGH SCHOOL,,1,050864000578|050867001525
spring_summer_2025,D.C.,St George’s International School Luxembourg,20008,1,
spring_summer_2025,North Dakota,St. Joseph,,1,
spring_summer_2025,Indiana,St Richard’s Episcopal School,46205,1,
spring_summer_2025,Arkansas,Catholic High School,,1,
spring_summer_2025,Nebraska,Ponca Public Schools,,1,
spring_summer_2025,Arkansas,Hot  Springs school district,71913,1,
spring_summer_2025,Louisiana,Metairie Park Country Day School,70005,1,
spring_summer_2025,California,Horace Mann Elementary,92675,1,060363000304|060483000475|061524001938|062805004277|063459005722
spring_summer_2025,Arkansas,.,,1,
spring_summer_2025,Iowa,Madrid,,1,
spring_summer_2025,Pennsylvania,Eden Christian Academy,,1,
spring_summer_2025,North Dakota,Larimore,58251,1,
spring_summer_2025,Pennsylvania,Nagykovácsi Általános Iskola,,1,
spring_summer_2025,Ohio,The Good Shepherd Catholic Montessori,,1,
spring_summer_2025,Pennsylvania,Pittsburgh Public Schools,,1,
spring_summer_2025,Oklahoma,Cascia Hall Preparatory School,74114,1,
spring_summer_2025,Texas,no,,1,
spring_summer_2025,Florida,Brooksville Youth Academy,34602,1,
spring_summer_2025,Arkansas,Cutter Morning Star School District,,1,
spring_summer_2025,Arkansas,etbsd,,1,
spring_summer_2025,Arkansas,Eureka Springs School District,,1,
spring_summer_2025,Virginia,Greenbrier Christian Academy,27958,1,
spring_summer_2025,Arkansas,Jonesboro schools,,1,
spring_summer_2025,Arkansas,Dr. Marian G. Lacey,,1,
spring_summer_2025,New York,Rensselaer City Schools,12144,1,
spring_summer_2025,North Dakota,Dickinson Public Schools,,1,
spring_summer_2025,Iowa,Panorama,50216,1,
spring_summer_2025,Arkansas,FHS,,1,
spring_summer_2025,New York,Mary McDowell Friends School,11201,1,
spring_summer_2025,South Carolina,Center for Inquiry,29229,1,
spring_summer_2025,Florida,Scheck Hillel Community School,33180,1,
spring_summer_2025,South Carolina,Sherry Minick,,1,
spring_summer_2025,Ohio,Russia Local School,,1,
spring_summer_2025,Missouri,Lutheran High School South,,1,
spring_summer_2025,Arkansas,Hampton School District,,1,
spring_summer_2025,Iowa,If the survey is anonymous you don't need to know,,1,
spring_summer_2025,Arkansas,anonymous,,1,
spring_summer_2025,Missouri,MICDS,63124,1,
spring_summer_2025,Arkansas,Hot springs school district,,1,
spring_summer_2025,D.C.,Field School,20007,1,
spring_summer_2025,Arkansas,PANGBURN ELEMENTARY SCHOOL and Russellville Middle School 2023-24,,1,
spring_summer_2025,New York,Emma Willard School,12180,1,
spring_summer_2025,Florida,Clay County District Schools,,1,
spring_summer_2025,Ohio,Clintonville Academy,43214,1,
spring_summer_2025,Indiana,N/A,,1,
spring_summer_2025,Louisiana,Archbishop Chapelle High School,70002,1,
spring_summer_2025,Arkansas,Jonesboro Public Schools,,1,
spring_summer_2025,Arkansas,Hillcrest School District,,1,
spring_summer_2025,North Dakota,Alexander Public Schools,58831,1,
spring_summer_2025,Illinois,Golder College Prep,,1,
spring_summer_2025,New York,"Elmwood School (we are in Ottawa Ontario, Canada)",,1,
spring_summer_2025,Massachusetts,EPS,,1,
spring_summer_2025,Georgia,Liberty Classical Schools is a network of three schools.,,1,
spring_summer_2025,Alabama,St Francis College,,1,
spring_summer_2025,New York,The Windward School,,1,
spring_summer_2025,Delaware,dsafdsafdsf,,1,
spring_summer_2025,Connecticut,Sacred Heart Greenwich,6831,1,
spring_summer_2025,Illinois,New Trier High School,60093,1,
spring_summer_2025,Texas,Shepherd ISD,,1,
spring_summer_2025,Alaska,ms,,1,
spring_summer_2025,Alaska,"Boclair Academy, Inveroran Dr, Bearsden, Glasgow, Scotland, UK, G61 2PL",99580,1,
spring_summer_2025,New Hampshire,Bishop Guertin High School,,1,
spring_summer_2025,Virginia,Just testing to see how much local information you are collecting.,,1,
spring_summer_2025,Missouri,Mary Institute and St Louis Country Day School,,1,
spring_summer_2025,New York,Lansingburgh Middle School,,1,
spring_summer_2025,Texas,North Elementary Lamesa ISD,,1,
spring_summer_2025,Texas,Texas ISD,,1,
spring_summer_2025,Arkansas,South Side Bee Branch School District,,1,
spring_summer_2025,Missouri,Lutheran North Midde & High School,63123,1,
spring_summer_2025,Pennsylvania,Holy Ghost prep,,1,
spring_summer_2025,Wisconsin,Hillcrest Elementary,,1,550255000285|551233001598|551578002014
spring_summer_2025,Iowa,Central Academy,50309,1,
spring_summer_2025,New Jersey,The Moriah School,7631,1,
spring_summer_2025,North Carolina,not answering,,1,
spring_summer_2025,North Carolina,Bonnie Springer School,27509,1,
spring_summer_2025,South Carolina,LHS,,1,
spring_summer_2025,North Carolina,cumberland county schools,,1,
spring_summer_2025,Maryland,Howard County Public Schools,21042,1,
spring_summer_2025,Pennsylvania,Lancaster Country Day School,,1,
spring_summer_2025,Texas,The Hockaday School,75224,1,
spring_summer_2025,Alabama,OBCS,36561,1,
spring_summer_2025,Maryland,Howard County Public School System,21043,1,
spring_summer_2025,Texas,Linden Kildare,,1,
spring_summer_2025,North Carolina,n/a,55555,1,
spring_summer_2025,Arkansas,El Dorado School District,,1,
spring_summer_2025,Alabama,Butler County Board of Education - Central Office,36037,1,
spring_summer_2025,Arkansas,Hector School District,,1,
spring_summer_2025,North Carolina,Not today,10000,1,
spring_summer_2025,Maryland,I am a substitute,21163,1,
spring_summer_2025,Maryland,Howard County Public School System,,1,
spring_summer_2025,Alabama,ECHS,,1,
spring_summer_2025,Alabama,Technology Office,,1,
spring_summer_2025,North Dakota,St. John's Academy,58401,1,
spring_summer_2025,Missouri,Lutheran High School South,63121,1,
spring_summer_2025,Alabama,ICARE (part of Elmore County Alternative Programs),36092,1,
spring_summer_2025,Missouri,Lutheran North Middle and High School,63101,1,
spring_summer_2025,California,Foothills Christian High School,92020,1,
spring_summer_2025,Idaho,SOUTH FORK ELEMENTARY SCHOOL,,1,160157001001|160192000974
spring_summer_2025,Maryland,High School in Maryland,,1,
spring_summer_2025,Arkansas,NORTHRIDGE MIDDLE SCHOOL and Butterfield Trail Middle School,,1,
spring_summer_2025,Alabama,Do Not Want to Share,,1,
spring_summer_2025,Alabama,I serve at many schools,,1,
spring_summer_2025,Maryland,Hcpss,,1,
spring_summer_2025,North Carolina,North Middle School,,1,
spring_summer_2025,California,CSUSM,,1,
spring_summer_2025,California,North Hollywood High Zoo Magnet,90027,1,
spring_summer_2025,Virginia,Caroline County Public Schools,22427,1,
spring_summer_2025,Georgia,Alleluia Community School,30906,1,
spring_summer_2025,New Jersey,Somerset Hills,,1,
spring_summer_2025,Maryland,various throughout county,,1,
spring_summer_2025,Maryland,Dorchester high schools,,1,
spring_summer_2025,Alaska,fdhsfd,,1,
spring_summer_2025,Virginia,ACHS,,1,
spring_summer_2025,California,Torrance Unified School District,90501,1,
spring_summer_2025,Idaho,Grace Lutheran High School,83201,1,
spring_summer_2025,Maryland,Dorchester County Public Schools,,1,
spring_summer_2025,Texas,Blinn,,1,
spring_summer_2025,Alabama,Thomasville City Schools,,1,
spring_summer_2025,Arkansas,Riverside,,1,
spring_summer_2025,Alabama,BTW High School,,1,
spring_summer_2025,New York,Retired,,1,
spring_summer_2025,Illinois,St clement,,1,
spring_summer_2025,Florida,WESTSIDE ELEMENTARY SCHOOL,,1,120006000038|120015003294|120036004332|120078000886|120081000894|120192001984
spring_summer_2025,Illinois,Maine,,1,
spring_summer_2025,Georgia,Academy for Advanced Studies,30253,1,
spring_summer_2025,Alabama,Southside Preparatory Magnet Academy,,1,
spring_summer_2025,Georgia,Cumberland Academy of Georgia,30328,1,
spring_summer_2025,D.C.,Maryview,,1,
spring_summer_2025,Colorado,Other,,1,
spring_summer_2025,Maryland,NAHS,,1,
spring_summer_2025,Pennsylvania,East Stroudsburg University Upward Bound,,1,
spring_summer_2025,Texas,St. Elizabeth Ann Seton Catholic School,,1,
spring_summer_2025,Illinois,Marian Catholic High School,,1,
spring_summer_2025,Alabama,Repton Junior High School and Conecuh County Jr. High School (I service both.),36432,1,
spring_summer_2025,Alabama,Trade school,,1,
spring_summer_2025,Tennessee,Johnson County School,,1,
spring_summer_2025,Alabama,Muscle Shoals Early Learning Center,,1,
spring_summer_2025,Iowa,Mississippi Bend AEA (serving the Pleasant Valley Community School District),52722,1,
spring_summer_2025,Tennessee,Hamblen County Schools,,1,
spring_summer_2025,Alabama,Alabama School of Mathematics and Science,,1,
spring_summer_2025,North Dakota,XXX,,1,
spring_summer_2025,Tennessee,Three Rivers Learning Center,37821,1,
spring_summer_2025,Florida,Pensacola Catholic High School,32505,1,
spring_summer_2025,Tennessee,Transition Academy,37814,1,
spring_summer_2025,Alabama,Private Gelişim Secondary School Turkey,35663,1,
spring_summer_2025,Virginia,NMS,,1,
spring_summer_2025,Maryland,Worcester,,1,
spring_summer_2025,Tennessee,CHS,,1,
spring_summer_2025,Virginia,CHES,,1,
spring_summer_2025,Virginia,Nontraditional Schools Program,,1,
spring_summer_2025,Virginia,Pr,,1,
spring_summer_2025,North Carolina,Westchester Country Day School,,1,
spring_summer_2025,Virginia,Virtual Virginia,23218,1,
spring_summer_2025,Tennessee,Hancock County Middle High School,37869,1,
spring_summer_2025,Virginia,Henry County Public Schools,,1,
spring_summer_2025,Virginia,Newport News Public Schools,23606,1,
spring_summer_2025,Virginia,TSRC Graham Road,22042,1,
spring_summer_2025,Missouri,Verona R-7 Schools,65769,1,
spring_summer_2025,Kentucky,Corpus Christi Classical Academy,40065,1,
spring_summer_2025,Missouri,Bishop Guertin High School,3060,1,
spring_summer_2025,Tennessee,Harrison Bay Future Ready Institute,37363,1,
spring_summer_2025,North Dakota,St. Mary's Elementary School,,1,
spring_summer_2025,Virginia,N/A,24401,1,
spring_summer_2025,Alabama,confidential,,1,
spring_summer_2025,North Dakota,Fargo Public School,,1,
spring_summer_2025,Tennessee,York Institute,38556,1,
spring_summer_2025,Missouri,Verona R-7,,1,
spring_summer_2025,Virginia,'-N/A-,,1,
spring_summer_2025,Arkansas,Jonesboro Public Schools,72401,1,
spring_summer_2025,Tennessee,Ees,,1,
spring_summer_2025,Michigan,Vandercook Lake Public Schools,49203,1,
spring_summer_2025,North Carolina,No thank you,,1,
spring_summer_2025,Michigan,Whittemore Prescott Area Schools,48770,1,
spring_summer_2025,Michigan,Huron Academy,48035,1,
spring_summer_2025,Michigan,Whittemore-Prescott Area Schools,,1,
spring_summer_2025,Alabama,Anonymous Charter,,1,
spring_summer_2025,California,Cerritos Elementary,,1,060162000009|061524001920|063603006165
spring_summer_2025,Michigan,Choice Schools,,1,
spring_summer_2025,Maryland,.,,1,
spring_summer_2025,Michigan,Lake City Area School,49651,1,
spring_summer_2025,New Mexico,I’d rather not say. I am likely the only one responding.,,1,
spring_summer_2025,Virginia,f,,1,
spring_summer_2025,Michigan,Swan Valley School District,48609,1,
spring_summer_2025,Virginia,Cumberland COUNTY SCHOOLS,,1,
spring_summer_2025,Michigan,Northwest Education services ISD,49684,1,
spring_summer_2025,Alabama,na,,1,
spring_summer_2025,Michigan,Old Redford Academy,48219,1,
spring_summer_2025,Michigan,Pine River Area Schools,49655,1,
spring_summer_2025,Tennessee,"Hancock middle,high school",37869,1,
spring_summer_2025,Michigan,Corunna Public Schools,48817,1,
spring_summer_2025,North Dakota,Northern Cass,58048,1,
spring_summer_2025,Tennessee,Cocke County Schools,37821,1,
spring_summer_2025,Colorado,Vail Mountain School,81657,1,
spring_summer_2025,Michigan,Akron-Fairgrove Schools,,1,
spring_summer_2025,Michigan,Portland Public Schools,48875,1,
spring_summer_2025,South Carolina,FIVE (Lexington/Richland School District 5's Virtual Program),29036,1,
spring_summer_2025,California,Loma Vista Elementary,,1,060591008455|062271003144|063393005323|063756006359|064015006642|064098006755
spring_summer_2025,Michigan,N/A,,1,
spring_summer_2025,Tennessee,BCLA,37160,1,
spring_summer_2025,Louisiana,Ecole Bilingue de la Nouvelle Orleans,70115,1,
spring_summer_2025,Tennessee,Collierville Schools,,1,
spring_summer_2025,Michigan,Ingham ISD,48854,1,
spring_summer_2025,Michigan,Koepsell,,1,
spring_summer_2025,North Dakota,Drayton,58225,1,
spring_summer_2025,Tennessee,AGAIN I THOUGHT THIS WAS ANONYMOUS,,1,
spring_summer_2025,Michigan,Elmwood,48183,1,
spring_summer_2025,Kansas,Kapaun Mount Carmel Catholic High School,67206,1,
spring_summer_2025,Iowa,Estherville Lincoln Central,,1,
spring_summer_2025,Maryland,FHS,,1,
spring_summer_2025,Tennessee,Bedford County Schools,,1,
spring_summer_2025,Washington,TDLA Trejo Dual Language Academy,99212,1,
spring_summer_2025,California,Central Valley High,,1,060813011489|061495001667
spring_summer_2025,Montana,Augusta Public Schools,,1,
spring_summer_2025,New York,Shulamith high Dschool,,1,
spring_summer_2025,Montana,Conrad Public Schools,59425,1,
spring_summer_2025,Maryland,Rosedale Administrative Offices,21237,1,
spring_summer_2025,Florida,dsfsf,,1,
spring_summer_2025,Tennessee,CES,,1,
spring_summer_2025,Montana,Lame Deer JH/HS in the Lame Deer Public School District #6,59003,1,
spring_summer_2025,Montana,Lolo Public School,59847,1,
spring_summer_2025,Montana,Forsyth Junior High/High School,59327,1,
spring_summer_2025,Montana,Lavina Public School,59064,1,
spring_summer_2025,Montana,"Forsyth Junior High, High School",59327,1,
spring_summer_2025,Montana,Lavina Public Schools (K-12),59046,1,
spring_summer_2025,Montana,Fairfield School,59436,1,
spring_summer_2025,Virginia,Radford City Schools,24141,1,
spring_summer_2025,Tennessee,Macon County Schools,37083,1,
spring_summer_2025,Tennessee,i don't want to say,,1,
spring_summer_2025,Montana,Lavina Public School,,1,
spring_summer_2025,North Carolina,The Asheville School,,1,
spring_summer_2025,Michigan,Saranac School,48881,1,
spring_summer_2025,California,Vista del Lago High,,1,061389011932|062580010583
spring_summer_2025,Wisconsin,Milwaukee Public Schools,53208,1,
spring_summer_2025,California,Colégio Estadual Cizinio Soares Pinto,,1,
spring_summer_2025,Montana,Whittier elementary,,1,
spring_summer_2025,Tennessee,Willunga high,,1,
spring_summer_2025,California,Prefer not to say,,1,
spring_summer_2025,Tennessee,Collierville Schools,38017,1,
spring_summer_2025,Nevada,zurich international school located in zurich switzerland,,1,
spring_summer_2025,Montana,PHS,,1,
spring_summer_2025,California,Maranatha High School,,1,
spring_summer_2025,D.C.,Netzaburg Middle School,9112,1,
spring_summer_2025,D.C.,American School of Barcelona (Please discard survey as appropriate.),,1,
spring_summer_2025,Georgia,Christ the King School,,1,
spring_summer_2025,Pennsylvania,Fairview El Sch,,1,420546002858|420957000206|421007000149|422511002233|422583004588|422604000715
spring_summer_2025,Tennessee,Oakmont Elementary School,,1,470102000332|470402001671
spring_summer_2025,Alabama,Colégio da Tofa,,1,
spring_summer_2025,Michigan,North Huron School District,48445,1,
spring_summer_2025,California,"Valley Christian Schools (San Jose, CA)",95111,1,
spring_summer_2025,Virginia,Bedford County Schools,,1,
spring_summer_2025,North Dakota,TGU Granville,58741,1,
spring_summer_2025,Alabama,SMKN 1 PACET,,1,
spring_summer_2025,Michigan,Sturgis Public Schools,49091,1,
spring_summer_2025,Maryland,CCS,20657,1,
spring_summer_2025,Maryland,x,,1,
spring_summer_2025,North Carolina,HMS,,1,
spring_summer_2025,Maryland,WHES,,1,
spring_summer_2025,Maine,RSU 22,4444,1,
spring_summer_2025,Maryland,NHS,,1,
spring_summer_2025,Tennessee,Robertson County Schools,37172,1,
spring_summer_2025,Michigan,Huron Valley Schools,48357,1,
spring_summer_2025,Montana,Troy Jr/Sr High School,59935,1,
spring_summer_2025,Missouri,Verona R-7 School District,65769,1,
spring_summer_2025,Iowa,Southeast Middle School Iowa City,52240,1,
spring_summer_2025,Arkansas,Dermott School District,,1,
spring_summer_2025,North Dakota,Grand Forks Public Schools,,1,
spring_summer_2025,Montana,Melstone Public Schools,59054,1,
spring_summer_2025,Tennessee,Central Office,,1,
spring_summer_2025,Arkansas,Success Academy,,1,
spring_summer_2025,North Dakota,Rugby Public School District #5,58368,1,
spring_summer_2025,Tennessee,Three Rivers Learning Center.,37821,1,
spring_summer_2025,Montana,Melstone Public School,59054,1,
spring_summer_2025,Montana,Victor Public Schools,59875,1,
spring_summer_2025,Maryland,Hickory Environmental Education Center,21520,1,
spring_summer_2025,New York,Smithtown,,1,
spring_summer_2025,Montana,Harlowton Junior High / High School,59036,1,
spring_summer_2025,Iowa,Iowa City West High School/Liberty High School,,1,
spring_summer_2025,Maryland,No shot high,,1,
spring_summer_2025,Maryland,bcps,21236,1,
spring_summer_2025,Florida,I have multiple schools,21237,1,
spring_summer_2025,Maryland,Kenwood & Chesapeake High School,21221,1,
spring_summer_2025,Maryland,I have 4 different schools,21207,1,
spring_summer_2025,Arkansas,Barton School District,72355,1,
spring_summer_2025,Pennsylvania,Abington Friends School,,1,
spring_summer_2025,Maryland,Online Learning Program,21228,1,
spring_summer_2025,Maryland,I do not feel comfortable sharing.,,1,
spring_summer_2025,Maryland,CFFAS,,1,
spring_summer_2025,Maryland,——,,1,
spring_summer_2025,Montana,Twin Bridges Public School,59751,1,
spring_summer_2025,Maryland,BCPS,21204,1,
spring_summer_2025,Maryland,Carroll Manor Elementary School,,1,240012000352|240033000628
spring_summer_2025,Maryland,Baltimore County Public School,,1,
spring_summer_2025,Maryland,"Dundalk High, Patapsco High, Chesapeake High, Kenwood High",,1,
spring_summer_2025,New Jersey,Fairleigh Dickinson University,,1,
spring_summer_2025,Maryland,Baltimore County Public Schools,21286,1,
spring_summer_2025,Tennessee,RES,,1,
spring_summer_2025,Massachusetts,Feehan,,1,
spring_summer_2025,Washington,I thought this was confidential,,1,
spring_summer_2025,New York,Quebec Virtual Academy,32500,1,
spring_summer_2025,Colorado,Colorado Christian university,80226,1,
spring_summer_2025,Maryland,Office Multilingual-Welcome Center,,1,
spring_summer_2025,Arkansas,osu,,1,
spring_summer_2025,Michigan,Fulton Middle and High School,48856,1,
spring_summer_2025,Michigan,Prefer not to share,,1,
spring_summer_2025,Maryland,n/a,21030,1,
spring_summer_2025,Maine,h,21015,1,
spring_summer_2025,Maryland,bcps,,1,
spring_summer_2025,Maryland,no thank you,,1,
spring_summer_2025,Virginia,abc,22222,1,
spring_summer_2025,Maryland,Regional Institute of Children and Adolescent,21229,1,
spring_summer_2025,North Carolina,SMS,,1,
spring_summer_2025,Maryland,Online Learning Program for Baltimore County Public Schools,21204,1,
spring_summer_2025,Maryland,Woodmoor Elementary Magnet Community School,21207,1,
spring_summer_2025,Colorado,Eagle Rock School & Professional Development Center,80517,1,
spring_summer_2025,Virginia,Greenfield Elementary,,1,510042002527|510084000331
spring_summer_2025,Colorado,Eagle Rock School,80517,1,
spring_summer_2025,Maryland,NO,,1,
spring_summer_2025,Maryland,don't want to disclose,,1,
spring_summer_2025,Tennessee,NA,37128,1,
spring_summer_2025,Michigan,Litchfield High Schoo Litchfield Elementary combined,49252,1,
spring_summer_2025,Maryland,I do not feel comfortable giving that information.,,1,
spring_summer_2025,Maryland,SHS,,1,
spring_summer_2025,Montana,Victor School District #7,59875,1,
spring_summer_2025,Maryland,Garrett County Public Schools- Accident Elementary,,1,
spring_summer_2025,Maryland,Shepherd Pratt,21236,1,
spring_summer_2025,Maryland,"Woodlawn Middle School, Baltimore County Public Schools",21207,1,
spring_summer_2025,Maryland,AHS,,1,
spring_summer_2025,North Carolina,nonya,,1,
spring_summer_2025,Maryland,Dennett Road,21550,1,
spring_summer_2025,Maryland,Havre de Grace Middle/High School,21078,1,
spring_summer_2025,North Carolina,MHS,,1,
spring_summer_2025,Maryland,Baltimore County Public Schools - Office of Facilities Operations and Logistics,21220,1,
spring_summer_2025,Maryland,annonymous,,1,
spring_summer_2025,Maryland,Jarrettsville Elementary and Roye-Williams Elementary,21084,1,
spring_summer_2025,Montana,Victor K-12 Schools,59875,1,
spring_summer_2025,North Carolina,WWHS,,1,
spring_summer_2025,Maryland,RHES,,1,
spring_summer_2025,Maryland,Edgewood Elementary,,1,240009000193|240039000688
spring_summer_2025,Maryland,Patterson Mill Middle High School,,1,
spring_summer_2025,Maryland,Magnolia ES,,1,240039000706|240051001097
spring_summer_2025,North Carolina,West,,1,
spring_summer_2025,Maryland,Lutherville Middle,,1,
spring_summer_2025,Maryland,nono,,1,
spring_summer_2025,Maryland,Hucffv hvhbb middle school,,1,
spring_summer_2025,Maryland,Patterson Middle/High School,21015,1,
spring_summer_2025,Iowa,Van Meter CSD,50261,1,
spring_summer_2025,Maryland,Patterson Mill Middle/High School,21014,1,
spring_summer_2025,Maryland,Harford Glen,,1,
spring_summer_2025,Maryland,Harford Glen Outdoor Environmental Center,21015,1,
spring_summer_2025,Maryland,Bel Air Elementary,,1,240003000005|240039000681
spring_summer_2025,Iowa,Allamakee Community School District,52172,1,
spring_summer_2025,Maryland,Frederick County Public Schools,21701,1,
spring_summer_2025,Michigan,Maple Valley Schools,49096,1,
spring_summer_2025,Michigan,Forest HIlls Public Schools,49546,1,
spring_summer_2025,Washington,ihs,,1,
spring_summer_2025,Iowa,Iowa City Community School District,,1,
spring_summer_2025,Maryland,Harford Glen Environmental Center (Harford County Public Schools),21015,1,
spring_summer_2025,Maryland,Bel Air Middle and High School,21014,1,
spring_summer_2025,Maryland,C,,1,
spring_summer_2025,Maryland,BCPS Online Learning Program,21223,1,
spring_summer_2025,Iowa,Kuemper Catholic,,1,
spring_summer_2025,North Carolina,ALC Mosaic,28212,1,
spring_summer_2025,Maryland,Do not want to disclose,,1,
spring_summer_2025,Iowa,West Des Moines,50265,1,
spring_summer_2025,Maryland,Frederick County Public Schools,,1,
spring_summer_2025,Alabama,Walker County Schools,35501,1,
spring_summer_2025,Alabama,First Assembly Christian School,36251,1,
spring_summer_2025,Alabama,American School of Santo Domingo,,1,
spring_summer_2025,Iowa,Regina Catholic Education Center,,1,
spring_summer_2025,Rhode Island,Middle School,,1,
spring_summer_2025,Hawaii,Saint Louis School of Honolulu,96815,1,
spring_summer_2025,Maryland,Howard County Public Schools,21044,1,
spring_summer_2025,Maryland,Cant say,,1,
spring_summer_2025,Tennessee,Weakley County School District,,1,
spring_summer_2025,New York,Tony Clement Center for Education,12206,1,
spring_summer_2025,Illinois,Noble Schools,,1,
spring_summer_2025,Iowa,North Iowa Christian School,50401,1,
spring_summer_2025,Michigan,Prefer not to name,,1,
spring_summer_2025,Tennessee,Lexington City Schools (Caywood Elementary and Lexington Middle school),38351,1,
spring_summer_2025,Virginia,Al Madina School of Richmond,23114,1,
spring_summer_2025,Alabama,Tarrant High School and Tarrant Intermediate School,35217,1,
spring_summer_2025,California,Westside Elementary,,1,060133209623|060907000930|064221006920
spring_summer_2025,Maryland,Food and Nutrition Services,,1,
spring_summer_2025,Wyoming,Carol Morgan School,,1,
spring_summer_2025,Tennessee,Loudon County Schools,,1,
spring_summer_2025,Virginia,Heritage High School,,1,510225002285|510234000960|510264001451
spring_summer_2025,Virginia,asdf,,1,
spring_summer_2025,Tennessee,WCMS,,1,
spring_summer_2025,Virginia,James River High School,,1,510042000171|510084000766
spring_summer_2025,Alabama,BHs,,1,
spring_summer_2025,Michigan,Shepherd Public Schools,48883,1,
spring_summer_2025,Maryland,Harford Glen Environmental Education Center,21015,1,
spring_summer_2025,Washington,Other,,1,
spring_summer_2025,New Jersey,Community Middle School,,1,340210003340|341770006012
spring_summer_2025,Tennessee,Halls Elementary School,,1,470222000742|470231000833
spring_summer_2025,Alabama,Anniston City Board of Education,36206,1,
spring_summer_2025,Maryland,Beall Elementary,,1,240003000003|240048000947
spring_summer_2025,Michigan,Morenci Area Schools.,,1,
spring_summer_2025,Tennessee,Halls High School,,1,470222000743|470231000834
spring_summer_2025,Michigan,Hillside Middle School,,1,261995005658|262598001266
spring_summer_2025,Maryland,carver,,1,
spring_summer_2025,Michigan,Saranac Community Schools,48881,1,
spring_summer_2025,Michigan,Michigan,,1,
spring_summer_2025,Indiana,"Italian school, sorry",,1,
spring_summer_2025,Alabama,AHS,,1,
spring_summer_2025,Colorado,Harrison District 2 Thrive Home School Academy,,1,
spring_summer_2025,Maine,Manitou,,1,
spring_summer_2025,Michigan,Hillsdale County ISD,49242,1,
spring_summer_2025,Michigan,da Vinci MS/HS,49201,1,
spring_summer_2025,Alabama,icare,,1,
spring_summer_2025,Michigan,Carrie Warning,48867,1,
spring_summer_2025,Michigan,Oakland Schools,,1,
spring_summer_2025,Michigan,Kalamazoo RESA - Kalamazoo Public Schools,49001,1,
spring_summer_2025,Massachusetts,SEEM Prep Program,1880,1,
spring_summer_2025,Michigan,Ingham Intermediate School District,48854,1,
spring_summer_2025,Alaska,test,,1,
spring_summer_2025,Tennessee,NA,,1,
spring_summer_2025,Montana,Wolf Point JR/SR High school,,1,
spring_summer_2025,Michigan,Allegan Area ESA - Otsego Public Schools,49010,1,
spring_summer_2025,Montana,Big Horn Academy,59034,1,
spring_summer_2025,Alabama,Hillcrest High School,,1,010087001766|010339000052
spring_summer_2025,Montana,Not needed,,1,
spring_summer_2025,Maryland,Greensboro Elementary School /Preston Elementary School,,1,
spring_summer_2025,Montana,Missoula county public schools,,1,
spring_summer_2025,Maryland,Lakewood Elementary,,1,240009000265|240048000862
spring_summer_2025,Maryland,FCPS,,1,
spring_summer_2025,Maryland,Confidential,,1,
spring_summer_2025,Georgia,Why woulditell high school,,1,
spring_summer_2025,Oregon,La Salle Catholic College Preparatory,97222,1,
spring_summer_2025,North Carolina,The John Crosland School,,1,
spring_summer_2025,Florida,HES,,1,
spring_summer_2025,Texas,American School Foundation of Monterrey (Mexico),,1,
spring_summer_2025,Georgia,The Lovett School,30327,1,
spring_summer_2025,Maryland,Takoma Academy,20912,1,
spring_summer_2025,Ohio,The Seven Hills School,45227,1,
spring_summer_2025,Georgia,Horizon Christian Academy,30040,1,
spring_summer_2025,Virginia,St. Catherine's School,23226,1,
spring_summer_2025,Tennessee,East Elementary School,,1,470195002239|470258002261
spring_summer_2025,New York,Not in US,,1,
spring_summer_2025,Virginia,Saint Gertrude High School,,1,
spring_summer_2025,Maryland,CCS,,1,
spring_summer_2025,Arizona,Colegio de la Providencia,,1,
spring_summer_2025,Montana,Na,,1,
spring_summer_2025,Montana,Victor,,1,
spring_summer_2025,Pennsylvania,Pittsburgh wh,,1,
spring_summer_2025,Texas,May ISD,76857,1,
spring_summer_2025,Alabama,I would rather not say,,1,
spring_summer_2025,Massachusetts,The Governor's Academy,1922,1,
spring_summer_2025,Tennessee,Dickson County High School/Creek Wood High School,,1,
spring_summer_2025,Tennessee,DCBOE,,1,
spring_summer_2025,Illinois,I-KAN ROE,,1,
spring_summer_2025,Tennessee,DMS,,1,
spring_summer_2025,Ohio,Andrews Osborne Academy,44094,1,
spring_summer_2025,New York,BASIS,10011,1,
spring_summer_2025,Montana,Plains Public School District,,1,
spring_summer_2025,California,Golden Valley High School,,1,061954011297|062466003308|064251010912
spring_summer_2025,Iowa,Madrid Jr/Sr High,,1,
spring_summer_2025,Maryland,Not telling you,,1,
spring_summer_2025,Maryland,j,,1,
spring_summer_2025,Maryland,Kent Alternative Program,,1,
spring_summer_2025,Virginia,The village school,22205,1,
spring_summer_2025,Iowa,x,12345,1,
spring_summer_2025,Tennessee,Dickson High Survey,,1,
spring_summer_2025,Maryland,Nottingham,,1,
spring_summer_2025,Illinois,Frances Xavier Warde School,,1,
spring_summer_2025,Pennsylvania,Korea International School Jeju (South Korea) - not a US school,63520,1,
spring_summer_2025,Colorado,Cherry creek Link,,1,
spring_summer_2025,Alabama,BHS,,1,
spring_summer_2025,Maryland,DHS,,1,
spring_summer_2025,Pennsylvania,Dumbaton middle,,1,
spring_summer_2025,Maryland,Nunya Business High School,,1,
spring_summer_2025,Maryland,NCHS,,1,
spring_summer_2025,Alabama,this is anonymous,,1,
spring_summer_2025,Pennsylvania,Breakthrough Collaborative of Greater Philadelphia,,1,
spring_summer_2025,Maryland,Seven Oaks Elementary,,1,240006001645|240012000021
spring_summer_2025,Illinois,Community Consolidated School District 15,60067,1,
spring_summer_2025,Maryland,OLP,,1,
spring_summer_2025,Iowa,Alburnett Community Schools,52202,1,
spring_summer_2025,Iowa,Alburnett Jr Sr High School,52202,1,
spring_summer_2025,Maryland,North West Assessment Center,,1,
spring_summer_2025,Michigan,West Ottawa Public Schools,49424,1,
spring_summer_2025,Montana,Big Sky School #72,59716,1,
spring_summer_2025,Maryland,Patterson Mill Middle/High School,21015,1,
spring_summer_2025,Iowa,Alburnett Community School District,52202,1,
spring_summer_2025,Maryland,MVES,,1,
spring_summer_2025,Maryland,Fcps,,1,
spring_summer_2025,Connecticut,Regina Pacis Academy,,1,
spring_summer_2025,Maryland,Hickory elementary,,1,240039000698|240066001271
spring_summer_2025,Maryland,Harford County Public Schools,,1,
spring_summer_2025,Texas,Nope,,1,
spring_summer_2025,Maryland,calvert elem,,1,
spring_summer_2025,California,JUHSD,,1,
spring_summer_2025,California,JUHSD ATP,94015,1,
spring_summer_2025,Maryland,North Point Bus Lot,21222,1,
spring_summer_2025,Maryland,Hillcrest Elementary,,1,240012000406|240033090473
spring_summer_2025,Texas,Lighthouse Public Schools,78006,1,
spring_summer_2025,Maryland,no important,45454,1,
spring_summer_2025,Montana,Victory High School,,1,
spring_summer_2025,Maryland,none,,1,
spring_summer_2025,Maryland,"Worcester County Public Schools, MD",,1,
spring_summer_2025,Maryland,PMS,,1,
spring_summer_2025,Maryland,I am a traveling Instructional Coach in Worcester County Public Schools so I go to 4 high schools weekly.,21811,1,
spring_summer_2025,Texas,Cross Plains ISD,76443,1,
spring_summer_2025,Maryland,no,11111,1,
spring_summer_2025,Alabama,Elmore County Alternative Programs,,1,
spring_summer_2025,Maryland,West Frederick Middle and Monocacy Middle,21701,1,
spring_summer_2025,Indiana,chandigarh university,,1,
spring_summer_2025,Maryland,Chapel Hill Elementary & Essex Elementary,,1,
spring_summer_2025,Maryland,PHS,,1,
spring_summer_2025,Alabama,Test,90210,1,
spring_summer_2025,Maryland,PGCPS,20745,1,
spring_summer_2025,Maryland,BES,,1,
spring_summer_2025,Maryland,WMHS,,1,
spring_summer_2025,Connecticut,Genesis,6484,1,
spring_summer_2025,Connecticut,WHS,,1,
spring_summer_2025,Maryland,Elementary School,,1,
spring_summer_2025,Texas,I serve multiple campuses in AISD.,,1,
spring_summer_2025,Nebraska,OMAHA PUBLIC SCHOOLS,68131,1,
spring_summer_2025,Michigan,Atherton Community Schools,,1,
spring_summer_2025,Missouri,Saint Paul Lutheran High School,64020,1,
spring_summer_2025,Michigan,Do not want to share,,1,
spring_summer_2025,Michigan,East Middle,,1,261407005036|262856006411|263387000001
spring_summer_2025,Washington,N/a,,1,
spring_summer_2025,Alabama,"IE University in Madrid, Spain",,1,
spring_summer_2025,Maryland,Westside Intermediate & Primary,21830,1,
spring_summer_2025,Connecticut,Genesis Alternative Program,6897,1,
spring_summer_2025,Maryland,Anonymous Elementary,,1,
spring_summer_2025,Maryland,Wicomico County Board of Education,21804,1,
spring_summer_2025,New York,German international school new york,10605,1,
spring_summer_2025,Maryland,English Language Support Center/Wicomico Evening High School,21801,1,
spring_summer_2025,Maryland,James M Bennett High School and Parkside High School,21804,1,
spring_summer_2025,Arkansas,adef,21801,1,
spring_summer_2025,Maryland,Wicomico English Language Support Center,21801,1,
spring_summer_2025,Maryland,More than one school,,1,
spring_summer_2025,Virginia,School Division,,1,
spring_summer_2025,Virginia,Bedford County Public Schools - Jefferson Forest High School,24551,1,
spring_summer_2025,Maryland,Schumaker complex,21801,1,
spring_summer_2025,Georgia,blank,0,1,
spring_summer_2025,Virginia,PH High School,,1,
spring_summer_2025,Virginia,St. Paul VI Catholic High School,,1,
spring_summer_2025,Michigan,Memphis Community Schools,48041,1,
spring_summer_2025,Alabama,Elmore County Transportation Department,,1,
spring_summer_2025,Virginia,The New Community School,,1,
spring_summer_2025,Maryland,I do not have a home school.,,1,
spring_summer_2025,Alabama,International School of London Qatar,,1,
spring_summer_2025,Vermont,DLSU Manila,,1,
spring_summer_2025,California,Avhsd,,1,
spring_summer_2025,Virginia,Williamsburg-James City County Public Schools,,1,
spring_summer_2025,Florida,Grandview Preparatory School,33431,1,
spring_summer_2025,Washington,Our Lady Star of the Sea,98337,1,
spring_summer_2025,Washington,American Community School Beirut,,1,
spring_summer_2025,Maryland,Wicomico County facilities maintenance.,,1,
spring_summer_2025,Texas,TMI Episcopal,78257,1,
spring_summer_2025,Alabama,Personal Tutors,,1,
spring_summer_2025,California,California State University Los Angeles,,1,
spring_summer_2025,Washington,Kennedy Catholic High School,98168,1,
spring_summer_2025,New York,SCcS,,1,
spring_summer_2025,New Jersey,East Orange District,7017,1,
spring_summer_2025,Connecticut,Future Ready Programs in Norwalk Public Schools,6851,1,
spring_summer_2025,Maryland,I don't think so,,1,
spring_summer_2025,Virginia,RVCS,24019,1,
spring_summer_2025,Virginia,"Alleghany High, Covington Middle",24457,1,
spring_summer_2025,Texas,TMI Episcopal,78109,1,
spring_summer_2025,Virginia,Chesapeake Public Schools Division,23322,1,
spring_summer_2025,Michigan,Eastern High School,,1,261461001662|262115005792
spring_summer_2025,Virginia,Harrisonburg City Public Schools,22801,1,
spring_summer_2025,Virginia,All Tazewell County Middle and High Schools,24605,1,
spring_summer_2025,Virginia,Williamsburg-James City County Public Schools,23185,1,
spring_summer_2025,California,Placer School for Adults,95603,1,
spring_summer_2025,Maryland,Germantown Elementary School,,1,240006000074|240048000843
spring_summer_2025,Illinois,Ccsd15,,1,
spring_summer_2025,Colorado,PCS,,1,
spring_summer_2025,Montana,Richard Montgomery High School,,1,
spring_summer_2025,Maryland,Choices Academy,21801,1,
spring_summer_2025,Iowa,Alburnett CSD,,1,
spring_summer_2025,D.C.,BASIS International School Wuhan,,1,
spring_summer_2025,Iowa,Clayton Ridge Community School District,52052,1,
spring_summer_2025,Michigan,I work with several schools,48817,1,
spring_summer_2025,Maryland,No thank you,,1,
spring_summer_2025,Massachusetts,Hult International Business School,2114,1,
spring_summer_2025,Texas,Calvin Nelms Charter Schools,,1,
spring_summer_2025,New York,Nyc doe,11375,1,
spring_summer_2025,Maryland,substitute,21801,1,
spring_summer_2025,Pennsylvania,Gwynedd Mercy Academy HIgh School,,1,
spring_summer_2025,Texas,Mann Middle School,,1,480744000031|480813000165
spring_summer_2025,Alabama,The Alabama School of Cyber Technology and Engineering,35802,1,
spring_summer_2025,Alabama,Alabama School of Cyber Technology and Engineering,35805,1,
spring_summer_2025,Minnesota,Crown College,,1,
spring_summer_2025,Virginia,GhS,,1,
spring_summer_2025,Ohio,Central Philippines University,,1,
spring_summer_2025,Virginia,UMFS,23230,1,
spring_summer_2025,Maryland,Anonymous?,,1,
spring_summer_2025,Maryland,FES,,1,
spring_summer_2025,New Jersey,Rutgers Preparatory School,8873,1,
spring_summer_2025,Virginia,somewhere in va high school,,1,
spring_summer_2025,Maryland,Marriotts Ridge High School & Hammond High School,21104,1,
spring_summer_2025,Texas,Wells MS,,1,
spring_summer_2025,Maryland,none,21046,1,
spring_summer_2025,Maryland,"Lime Kiln Middle School, Reservoir High School, and Fulton Elementary School",20759,1,
spring_summer_2025,Maryland,xyz,,1,
spring_summer_2025,Maryland,Ascend 1,,1,
spring_summer_2025,Maryland,Sub at multiple locations,,1,
spring_summer_2025,Maryland,Dept. Special Ed,,1,
spring_summer_2025,Maryland,ccps,21660,1,
spring_summer_2025,Oklahoma,Boulevard academy,73034,1,
spring_summer_2025,Maryland,GPHS,,1,
spring_summer_2025,Michigan,Do not want to say,,1,
spring_summer_2025,D.C.,The University of the District of Columbia Community College,,1,
spring_summer_2025,Maryland,Not disclosed,,1,
spring_summer_2025,Maryland,You do not know the definition of anonymous either,,1,
spring_summer_2025,Mississippi,St. Joseph Catholic School,39110,1,
spring_summer_2025,Georgia,please email if necessary,,1,
spring_summer_2025,Texas,Idea,,1,
spring_summer_2025,California,MVMS,,1,
spring_summer_2025,Florida,Charter Academy,,1,
spring_summer_2025,Alabama,Rather not say,,1,
spring_summer_2025,Texas,Prefer not to say,,1,
spring_summer_2025,Utah,Prefer not to say,,1,
spring_summer_2025,Montana,Fairview,,1,
spring_summer_2025,New York,Greece Central School District,,1,
spring_summer_2025,New York,Ethical Culture Fieldston School,10471,1,
spring_summer_2025,Michigan,Dundee Community Schools,,1,
spring_summer_2025,Maryland,Bohemia Manor Middle and High School,21915,1,
spring_summer_2025,Colorado,Environmental Charter HS,,1,
spring_summer_2025,Maryland,BIS,,1,
spring_summer_2025,Maryland,English Language support Center,,1,
spring_summer_2025,Maryland,NSS,,1,
spring_summer_2025,Maryland,I travel to multiple schools,,1,
spring_summer_2025,Maryland,BMS,,1,
spring_summer_2025,North Carolina,I'd rather not say,,1,
spring_summer_2025,Maryland,English Language Support Center,,1,
spring_summer_2025,Missouri,Fr. Tolton Catholic High School,65201,1,
spring_summer_2025,Maryland,Wicomico County Public School,,1,
spring_summer_2025,Maryland,Wicomico county Board of Education,,1,
spring_summer_2025,Maryland,Schumaker,,1,
spring_summer_2025,Oregon,Portland Public Schools,97227,1,
spring_summer_2025,North Dakota,Mt. Pleasant,,1,
spring_summer_2025,Maryland,Rhes,,1,
spring_summer_2025,California,Pacific High School,,1,063417010049|064098001872
spring_summer_2025,Maryland,CCES,,1,
spring_summer_2025,New York,Bhs,,1,
spring_summer_2025,Ohio,St Michael school Worthington ohio,43085,1,
spring_summer_2025,Illinois,Corpus Christi Catholic School,61701,1,
spring_summer_2025,Arizona,I do not wish to answer,,1,
spring_summer_2025,Minnesota,N/a,,1,
spring_summer_2025,Pennsylvania,Oakland Catholic,,1,
spring_summer_2025,California,Lincoln High,,1,062169002579|063432011939|064214006897
spring_summer_2025,North Carolina,Prefer not to share.,,1,
spring_summer_2025,Colorado,I’d rather not share,80817,1,
spring_summer_2025,Georgia,PMS,,1,
spring_summer_2025,Kentucky,Louisville KY High School,,1,
spring_summer_2025,Texas,Collins,,1,
spring_summer_2025,California,Westmark School,,1,
spring_summer_2025,Pennsylvania,CLS,,1,
spring_summer_2025,Texas,Memorial Middle School,,1,481818007350|482253002283|482568002891|482613017001|482679005885|484110004681
spring_summer_2025,California,King’s Valley,,1,
spring_summer_2025,California,St. Philup the Apostle School,91106,1,
spring_summer_2025,Alabama,SMPIT Citra Insani at Indonesiq,17530,1,
spring_summer_2025,Michigan,Would rather not say,,1,
spring_summer_2025,Nebraska,Wilber Clatonia Public Schools,68465,1,
spring_summer_2025,Utah,Ascent academy of Utah,,1,
spring_summer_2025,Maryland,Gfff,,1,
spring_summer_2025,Mississippi,"If you are going to use a survey with an open link, there should be a screener question to determine if whoever clicks the link is actually part of the sampling frame.",,1,
spring_summer_2025,Colorado,Mullen High School,80236,1,
spring_summer_2025,Maryland,Prefer Not to Say High School,,1,
spring_summer_2025,Illinois,Jefferson Middle School,,1,170471000173|170942000550|173708004431|174035004058
spring_summer_2025,Iowa,High School,,1,
spring_summer_2025,Maryland,Perfer to stay anonymous,,1,
spring_summer_2025,Florida,Cardinal Gibbons High,33308,1,
spring_summer_2025,California,Walnut Grove Elementary,,1,060002009288|063003012186|063311005127
spring_summer_2025,Pennsylvania,"North Penn School District, Norristown school district, and Springfield Township school district",19446,1,
spring_summer_2025,California,Spring View Middle,,1,060001308553|062814004346
spring_summer_2025,Texas,No thank you,,1,
spring_summer_2025,Montana,Centerville High School and Centerville 6-8,59472,1,
spring_summer_2025,California,Woodrow Wilson Senior High School (located in Los Angeles),90032,1,
spring_summer_2025,Texas,Veritas Christian academy,78739,1,
spring_summer_2025,Ohio,McNicholas High School,,1,
spring_summer_2025,Georgia,High school,,1,
spring_summer_2025,New York,Early College High School,,1,
spring_summer_2025,Michigan,Forest Park School District,49920,1,
spring_summer_2025,Arizona,Desert Sky Middle School,,1,040775001147|040885002194
spring_summer_2025,Louisiana,Archbishop Hannan High School,70433,1,
spring_summer_2025,New York,nXu,10463,1,
spring_summer_2025,California,St. John’s Lutheran School,93311,1,
spring_summer_2025,Washington,Cascade Middle School,,1,530030000033|530270000414|530354000522|530447000699|530774001273
spring_summer_2025,Maryland,Eastern Middle School/ Walt whitman High School,20901,1,
spring_summer_2025,Connecticut,No,,1,
spring_summer_2025,Pennsylvania,Delta School,19154,1,
spring_summer_2025,Montana,Helena Public Schools,59601,1,
spring_summer_2025,Florida,catur,,1,
spring_summer_2025,New York,This was supposed to be anonymous,,1,
spring_summer_2025,New York,Kipp nyc,,1,
spring_summer_2025,Pennsylvania,No thank you,,1,
spring_summer_2025,Maryland,I am at 5 schools.,,1,
spring_summer_2025,Maryland,Hickory and Maugansville Elementary Schools,,1,
spring_summer_2025,Florida,tay,,1,
spring_summer_2025,Maryland,Holly Hall Elementary / Gilpin Manor Elementary,21921,1,
spring_summer_2025,West Virginia,Northern Middle School,,1,
spring_summer_2025,Colorado,Fountain Valley School,80911,1,
spring_summer_2025,Alabama,NO thank you,,1,
spring_summer_2025,Maryland,SAE,,1,
spring_summer_2025,California,ZIS,48843,1,
spring_summer_2025,Maryland,Norhtern,,1,
spring_summer_2025,Maryland,All 4 Middle Schools in my District,,1,
spring_summer_2025,Maryland,Qacos,,1,
spring_summer_2025,Maryland,school,,1,
spring_summer_2025,Maryland,Queen Anne's County Public Schools (SMS),,1,
spring_summer_2025,Maryland,QA,,1,
spring_summer_2025,Maryland,Arise Academy,21666,1,
spring_summer_2025,Maryland,QACPS,21658,1,
spring_summer_2025,Maryland,Queen Anne's County Public Schools,,1,
spring_summer_2025,Pennsylvania,delta school,,1,
spring_summer_2025,Maryland,Middle Scool,,1,
spring_summer_2025,Kentucky,Regent Academy,,1,
spring_summer_2025,Maryland,Queen Anne's County schools,21620,1,
spring_summer_2025,Delaware,Sanford School,,1,
spring_summer_2025,Maryland,Queen Anne's County,,1,
spring_summer_2025,Maryland,KES,,1,
spring_summer_2025,Virginia,Bedford County Public Schools,,1,
spring_summer_2025,Virginia,Isle of Wight County Schools,,1,
spring_summer_2025,Virginia,BHS and MVHS,,1,
spring_summer_2025,Maryland,Benjamin stoddert middle school,20772,1,240027000583|240051001464
spring_summer_2025,Maryland,I prefer not to say,,1,
spring_summer_2025,Maryland,W,,1,
spring_summer_2025,Michigan,Father Gabriel Richard HS,48105,1,
spring_summer_2025,Maryland,Scha,,1,
spring_summer_2025,Pennsylvania,Olney Christian School,19126,1,
spring_summer_2025,Maryland,James E Richmond Science Center,20646,1,
spring_summer_2025,Maryland,"Early Learning Center, La Plata",20646,1,
spring_summer_2025,Michigan,Toyo University,,1,
spring_summer_2025,Florida,The Discovery School,,1,
spring_summer_2025,Maryland,Nope,,1,
spring_summer_2025,Washington,Chinook Middle School,98103,1,530039000064|530354000524|530393003586|530585000862
spring_summer_2025,Arizona,Grace Christian Academy,85295,1,
spring_summer_2025,California,Grow Academy,,1,
spring_summer_2025,California,Valley View Middle School,,1,062637003979|063684006272
spring_summer_2025,Maryland,Early Learning Center- Laplata,20646,1,
spring_summer_2025,Minnesota,No answer,,1,
spring_summer_2025,Maryland,Williams,,1,
spring_summer_2025,Kentucky,Presentation Academy,40203,1,
spring_summer_2025,Maryland,Charles County Board of Education,20646,1,
spring_summer_2025,Maryland,CCPS,,1,
spring_summer_2025,Maryland,Transportation Office for all schools,20646,1,
spring_summer_2025,Maryland,HCPSS,21044,1,
spring_summer_2025,Maryland,Howard County Public School System,21042,1,
spring_summer_2025,Pennsylvania,RHS,,1,
spring_summer_2025,Maryland,Thomas Stone   John Hanson.   JP Ryan,20601,1,
spring_summer_2025,Maryland,School,,1,
spring_summer_2025,Maryland,I thought this was anonymous,,1,
spring_summer_2025,Maryland,I work in the Central office but am in all 7 of our high schools,20646,1,
spring_summer_2025,Maryland,mhs,,1,
spring_summer_2025,Pennsylvania,NA,,1,
spring_summer_2025,Maryland,asdfghjkl,12345,1,
spring_summer_2025,Pennsylvania,__High School,,1,
spring_summer_2025,California,de Toledo HS,,1,
spring_summer_2025,Maryland,Calvert Elem,,1,
spring_summer_2025,Michigan,feedafe,,1,
spring_summer_2025,New York,Trinity college school,,1,
spring_summer_2025,Maryland,WES,,1,
spring_summer_2025,Washington,Middle School,,1,
spring_summer_2025,Texas,AUSTIN MIDDLE School,,1,480813000143|482028007001|482442002737|483486003908
spring_summer_2025,Colorado,George Washington Academy,,1,
spring_summer_2025,Virginia,Refuse to answer,,1,
spring_summer_2025,Maryland,MMS,,1,
spring_summer_2025,Minnesota,Superior CVI,55125,1,
spring_summer_2025,Minnesota,Fridley Public Schools,,1,
spring_summer_2025,Minnesota,Don't want to share,,1,
spring_summer_2025,Michigan,Monroe County ISD,,1,
spring_summer_2025,Texas,Prefer not to answer,,1,
spring_summer_2025,Maryland,WHS,,1,
spring_summer_2025,Maryland,Charles county public schools,,1,
spring_summer_2025,New York,FDR High School,,1,
spring_summer_2025,Colorado,Walsh RE-1,81090,1,
spring_summer_2025,Georgia,Savannah country day school,31419,1,
spring_summer_2025,Connecticut,Don’t feel comfortable reporting,,1,
spring_summer_2025,Missouri,St. Michael the Archangel Catholic High School,64064,1,
spring_summer_2025,Virginia,No thank you,,1,
spring_summer_2025,Pennsylvania,Unionville-Chadds Ford School District,19348,1,
spring_summer_2025,Florida,Saint John Paul II Academy,33486,1,
spring_summer_2025,Maryland,Winfield Elementary,,1,240012000498|240021000555
spring_summer_2025,Virginia,"The New Community School (since January), Dooley School at St. Joseph's Villa prior to January",23227,1,
spring_summer_2025,Maryland,Mechanicsville Elementary,,1,240021000537|240060001232
spring_summer_2025,Maryland,The Odyssey School,21239,1,
spring_summer_2025,New Hampshire,"The Derryfield School, Manchester, NH 6th to 12th grade private day school",3104,1,
spring_summer_2025,North Dakota,Zps,,1,
spring_summer_2025,Rhode Island,WWPS,,1,
spring_summer_2025,North Dakota,Newburg United Public School,,1,
spring_summer_2025,North Dakota,Grafton,,1,
spring_summer_2025,North Dakota,Edgeley Public School,,1,
spring_summer_2025,North Dakota,Sawyer Public School,58781,1,
spring_summer_2025,North Dakota,Finley Sharon Public School,,1,
spring_summer_2025,Maryland,n/a,21074,1,
spring_summer_2025,North Dakota,Maddock,,1,
spring_summer_2025,North Dakota,Hettinger public school,58639,1,
spring_summer_2025,Minnesota,McKinley,,1,
spring_summer_2025,North Dakota,NAPOLEON Public School,58561,1,
spring_summer_2025,North Dakota,FPS VA,58103,1,
spring_summer_2025,North Dakota,Nedrose,58701,1,
spring_summer_2025,North Dakota,MLS Mohall,58761,1,
spring_summer_2025,North Dakota,Mandaree Public School,58757,1,
spring_summer_2025,North Dakota,MIDWAY ELEMENTARY/HIGH SCHOOL,,1,
spring_summer_2025,North Dakota,mount pleasant public school,,1,
spring_summer_2025,North Dakota,St. John public school,58369,1,
spring_summer_2025,North Carolina,Durham Academy,27707,1,
spring_summer_2025,North Dakota,Wishek Public School,58495,1,
spring_summer_2025,Ohio,Springfield High School,,1,390448101701|390482203154|390483703229
spring_summer_2025,North Dakota,Eight Mile School District#6,58801,1,
spring_summer_2025,North Dakota,Sheyenne,,1,
spring_summer_2025,North Dakota,Zeeland Public School,,1,
spring_summer_2025,Maryland,not answering,,1,
spring_summer_2025,North Dakota,"Warwick Public School  , Warwick, ND",58381,1,
spring_summer_2025,Maryland,fgfdgf,,1,
spring_summer_2025,Virginia,I’d rather not say.,,1,
spring_summer_2025,North Dakota,Hillsboro Public Schools,,1,
spring_summer_2025,North Dakota,WARWICK Public SCHOOL,,1,
spring_summer_2025,North Dakota,Max Public School,58759,1,
spring_summer_2025,North Carolina,Charlotte Catholic,28266,1,
spring_summer_2025,North Dakota,Mohall Lasford Sherwood Public School,58761,1,
spring_summer_2025,Oklahoma,Owasso PS,,1,
spring_summer_2025,North Dakota,Enderlin,58027,1,
spring_summer_2025,California,Dunn Academy,93441,1,
spring_summer_2025,North Dakota,Glenburn,58740,1,
spring_summer_2025,North Dakota,Turtle lake - mercer public school,58575,1,
spring_summer_2025,Minnesota,West Lutheran High School,,1,
spring_summer_2025,Maryland,center,,1,
spring_summer_2025,North Dakota,Mott-Regent Public School,58646,1,
spring_summer_2025,Maryland,jfkdgsl;afjksla;fjsl,,1,
spring_summer_2025,Maryland,Bohemia Manor Middle High School,,1,
spring_summer_2025,Maryland,BMMS,,1,
spring_summer_2025,North Dakota,Medina Public School,,1,
spring_summer_2025,North Dakota,Underwood Public School District 8,58576,1,
spring_summer_2025,North Dakota,Mott-Regent Public School District #1,58646,1,
spring_summer_2025,North Dakota,Elgin/New Leipzig School Dist.,58533,1,
spring_summer_2025,Illinois,Palatine CCSD15,60067,1,
spring_summer_2025,Maryland,BAMS,,1,
spring_summer_2025,North Dakota,Dunseith Public School District 1,58329,1,
spring_summer_2025,Maryland,a middle school in Maryland,,1,
spring_summer_2025,North Dakota,Dunseith Public School Dist #1,58329,1,
spring_summer_2025,North Dakota,Rugby Public Schools,58368,1,
spring_summer_2025,Georgia,aff,,1,
spring_summer_2025,North Dakota,Dunseith Public School,58329,1,
spring_summer_2025,North Dakota,Glen Ullin Public School,,1,
spring_summer_2025,California,Fake WantToSeeResults High,,1,
spring_summer_2025,Alabama,Father michael mcgiveny,,1,
spring_summer_2025,North Carolina,School,,1,
spring_summer_2025,Pennsylvania,St. Joseph’s Preparatory School,19130,1,
spring_summer_2025,New York,ESM,,1,
spring_summer_2025,Texas,Wylie High school,,1,484650005293|484653005295
spring_summer_2025,North Dakota,St. John Public,,1,
spring_summer_2025,New York,Don't want to say,,1,
spring_summer_2025,Iowa,no thanks,,1,
spring_summer_2025,North Dakota,NA,58301,1,
spring_summer_2025,Ohio,Hilliard,,1,
spring_summer_2025,New York,Brooklyn,,1,
spring_summer_2025,Florida,Cardinal Gibbons High School,,1,
spring_summer_2025,Maryland,BBMS,21074,1,
spring_summer_2025,Maryland,Chesapeake high school,,1,240006000058|240012000362
spring_summer_2025,Florida,Full sail university,28792,1,
spring_summer_2025,Ohio,Bridges LC,,1,
spring_summer_2025,North Dakota,North border,58282,1,
spring_summer_2025,Florida,Full sail University,32792,1,
spring_summer_2025,Alabama,Central High School,,1,010090001749|010201000765|010216000817|010270001088|010336001608
spring_summer_2025,Florida,Full Sail University,,1,
spring_summer_2025,Missouri,Mason Elementary,,1,
spring_summer_2025,Texas,Strake Jesuit College Preparatory,,1,
spring_summer_2025,Florida,Full sail university,,1,
spring_summer_2025,Georgia,ATC,,1,
spring_summer_2025,Missouri,Prefer not to say,,1,
spring_summer_2025,Utah,Nightingale college,,1,
spring_summer_2025,Maryland,"Woodhome Elementary Middle School , 7300 Moyer Ave, Baltimore MD 21234",21234,1,
spring_summer_2025,Maryland,QACPS,,1,
spring_summer_2025,Maryland,Ce,,1,
spring_summer_2025,North Dakota,Ellendale Public,,1,
spring_summer_2025,California,cypress college,,1,
spring_summer_2025,California,John Adams Middle,,1,062271002800|063570006085
spring_summer_2025,Kansas,Plainville,,1,
spring_summer_2025,California,Don’t wish to answer,,1,
spring_summer_2025,Colorado,Julesburg Schools,,1,
spring_summer_2025,Maryland,Prince Georges county schools,,1,
spring_summer_2025,Maryland,Stoddert Middle School,,1,
spring_summer_2025,Virginia,Norfolk Collegiate,23505,1,
spring_summer_2025,Wisconsin,Firm Foundation Academy,54848,1,
spring_summer_2025,North Dakota,Mt. Pleasant School Dist #7,,1,
spring_summer_2025,Massachusetts,NMS,,1,
spring_summer_2025,North Dakota,Fessenden-Bowdon Public School,,1,
spring_summer_2025,Maryland,Eastern Elementary + Ruth Anne Monroe Primary School,,1,
spring_summer_2025,Arizona,Nukleus onderwys,,1,
spring_summer_2025,Maryland,WAREHOUSE,,1,
spring_summer_2025,New Hampshire,Proctor Academy,3216,1,
spring_summer_2025,North Dakota,St.John Public,58369,1,
spring_summer_2025,Pennsylvania,N/A,,1,
spring_summer_2025,North Dakota,New England Public Schools,,1,
spring_summer_2025,Georgia,university of north georgia,,1,
spring_summer_2025,Texas,Bishop Lynch High School,75228,1,
spring_summer_2025,California,Will Rogers Middle,,1,062121002544|063462005814
spring_summer_2025,Illinois,Ambria College of nursing,,1,
spring_summer_2025,California,los angeles film school,90028,1,
spring_summer_2025,Arizona,n/a,,1,
spring_summer_2025,North Carolina,No,,1,
spring_summer_2025,Indiana,Greenfield Central,,1,
spring_summer_2025,Indiana,Rak’s Pallikkoodam,,1,
spring_summer_2025,Michigan,Oakridge Public Schools,,1,
spring_summer_2025,Pennsylvania,Jack Barrack Hebrew Academy,19010,1,
spring_summer_2025,Connecticut,Region #8,6447,1,
spring_summer_2025,Texas,Private,,1,
spring_summer_2025,Maryland,Stoddert,,1,
spring_summer_2025,North Carolina,Bethel School,,1,
spring_summer_2025,Alaska,Petersburg High School/Mitkof Middle School,,1,
spring_summer_2025,Wisconsin,n/a,,1,
spring_summer_2025,Massachusetts,HPS,,1,
spring_summer_2025,North Carolina,River Be d,,1,
spring_summer_2025,Texas,Tarleton state university,76401,1,
spring_summer_2025,California,Thomas Jefferson Middle,,1,061111001228|062334003555|064140006847
spring_summer_2025,Pennsylvania,Washington,,1,
spring_summer_2025,North Carolina,Edgecombe Youth Academy,27801,1,
spring_summer_2025,Texas,Dew,,1,
spring_summer_2025,New York,Holy Angels Regional School,,1,
spring_summer_2025,Connecticut,N/A,,1,
spring_summer_2025,Virginia,Central Elementary,,1,510021000068|510138002868|510337001479
spring_summer_2025,Wisconsin,Loyal,54446,1,
spring_summer_2025,California,Mojave River,92223,1,
spring_summer_2025,California,Citrus college,91702,1,
spring_summer_2025,Kansas,Frankfort,,1,
spring_summer_2025,Massachusetts,FHS,,1,
spring_summer_2025,Massachusetts,Memorial Middle School,,1,250489001523|250642001307
spring_summer_2025,North Dakota,Enderlin Area Public School,,1,
spring_summer_2025,North Dakota,Rolla,,1,
spring_summer_2025,North Dakota,BCSD,,1,
spring_summer_2025,Virginia,JMHS,,1,
spring_summer_2025,North Dakota,Carrington,,1,
spring_summer_2025,Nebraska,Guardian angels central catholic,68788,1,
spring_summer_2025,Montana,Turner School District,59542,1,
spring_summer_2025,Colorado,HHS,,1,
spring_summer_2025,North Dakota,Sawyer Public School,,1,
spring_summer_2025,North Carolina,NMS,,1,
spring_summer_2025,Arizona,Chandler Gilbert community college,85044,1,
spring_summer_2025,Connecticut,Bill Crothers S.S,,1,
spring_summer_2025,California,sabang calabanga national high school,90001,1,
spring_summer_2025,New York,Myob,,1,
spring_summer_2025,Wyoming,Annex,,1,
spring_summer_2025,Maryland,Cecil County,,1,
spring_summer_2025,Maryland,Prefer not to answer,,1,
spring_summer_2025,Illinois,BHS,,1,
spring_summer_2025,North Carolina,Public Schools of Robeson County,28358,1,
spring_summer_2025,Virginia,Lindsay Middle,,1,
spring_summer_2025,Arkansas,You said this would be anonymous,,1,
spring_summer_2025,Arizona,Not on your life!,,1,
spring_summer_2025,Maryland,White Marsh Elementary,,1,240060001240|240063001252
spring_summer_2025,North Dakota,Sargent Central,58032,1,
spring_summer_2025,D.C.,Palawan State University,,1,
spring_summer_2025,New Jersey,bergen community collage,,1,
spring_summer_2025,Texas,Fusion Academy,,1,
spring_summer_2025,New Hampshire,Rather Not Name,,1,
spring_summer_2025,New Jersey,No,,1,
spring_summer_2025,Tennessee,Ezell-Harding,37013,1,
spring_summer_2025,Florida,Full sail,,1,
spring_summer_2025,New Jersey,St Thomas Aquinas,,1,
spring_summer_2025,New Hampshire,Memorial Middle School,,1,
spring_summer_2025,North Carolina,Lincoln county schools,28092,1,
spring_summer_2025,Maryland,McCormick Elementary & Dundalk Elementary,,1,
spring_summer_2025,North Carolina,Glenwood Elementary School,,1,370072000300|370294001177
spring_summer_2025,California,Montgomery,,1,
spring_summer_2025,New York,Queensborought,,1,
spring_summer_2025,Maryland,White Marsh Elementary School,,1,240060001240|240063001252
spring_summer_2025,Virginia,test,,1,
spring_summer_2025,Massachusetts,King Elementary School,,1,250279002669|250498002823
spring_summer_2025,New Jersey,Waiopehu college (New Zealand),,1,
spring_summer_2025,New York,Webster Central School District,14580,1,
spring_summer_2025,Ohio,Lake Elementary School,,1,390454902242|390498604170|390506904030
spring_summer_2025,Alabama,d,,1,
spring_summer_2025,California,Marshall High School,,1,
spring_summer_2025,California,Mojave River,93561,1,
spring_summer_2025,California,RTU,,1,
spring_summer_2025,Ohio,TMKM,,1,
spring_summer_2025,Arkansas,WHS,,1,
spring_summer_2025,Maine,Waynflete School,,1,
spring_summer_2025,North Carolina,Mountain Her,,1,
spring_summer_2025,Texas,Palawan State University,,1,
spring_summer_2025,California,DSA,,1,
spring_summer_2025,Minnesota,St. Philips,56601,1,
spring_summer_2025,Maryland,The Odyssey School,21093,1,
spring_summer_2025,Pennsylvania,We are a special facility servingbkids with behav and mental health needs,,1,
spring_summer_2025,Arizona,Chandler Gilbert community college,,1,
spring_summer_2025,California,Yosemite Day School,95337,1,
spring_summer_2025,Arizona,mountain Sky Junior High,85029,1,
spring_summer_2025,Iowa,Thomas Jefferson high school,,1,190654000263|190822000435
spring_summer_2025,Missouri,Fort Zumwalt West High,63366,1,
spring_summer_2025,South Carolina,Early College HS,29403,1,
spring_summer_2025,Utah,Bryant Middle,84102,1,
spring_summer_2025,North Carolina,Ravenscroft School,27615,1,
spring_summer_2025,California,Vaughn International Studies Academy,91331,1,
spring_summer_2025,Colorado,Bridges high school,81623,1,
spring_summer_2025,Pennsylvania,ESASD,,1,
spring_summer_2025,California,Goldenstate College of Kiamba,,1,
spring_summer_2025,Nebraska,NORTHWEST HIGH SCHOOL,,1,317284002441|317458001333|317482001417
spring_summer_2025,Utah,ss,,1,
spring_summer_2025,North Carolina,Jackson County Early College,28779,1,
spring_summer_2025,Utah,Probidence Hall Junior High,84096,1,
spring_summer_2025,Pennsylvania,Father Judge HS,19136,1,
spring_summer_2025,Virginia,James River Juvenile Detention Center,23229,1,
spring_summer_2025,Utah,Wahlquist Junior High School,84404,1,
spring_summer_2025,Nevada,Richard Priest Elementary,89032,1,
spring_summer_2025,New York,Rather not answer,,1,
spring_summer_2025,New Jersey,Nottingham high school,8554,1,
spring_summer_2025,Arizona,Oasis Elememtary,85345,1,
spring_summer_2025,Maryland,Career and Technology Center,,1,
spring_summer_2025,Florida,Palawan State University,,1,
spring_summer_2025,Washington,Henry FOSS high school,,1,
spring_summer_2025,Indiana,Goshen Alternative Program,46526,1,
spring_summer_2025,Illinois,Batavia high school,60510,1,
spring_summer_2025,New Jersey,Carl Sandburg,,1,
spring_summer_2025,Washington,Star of the Sea,98317,1,
spring_summer_2025,Arizona,McCartney ranch,85122,1,
spring_summer_2025,Ohio,"Saint Mary Avon, Ohio",44011,1,
spring_summer_2025,Illinois,Bradley Central,60915,1,
spring_summer_2025,Arkansas,Midland,72568,1,
spring_summer_2025,Texas,skyline High School / Skyline Career Development Center,75227,1,
spring_summer_2025,Colorado,Thomas Downey High School,95355,1,
spring_summer_2025,Connecticut,Connecticut River Academy,6118,1,
spring_summer_2025,Kansas,Ghs,,1,
spring_summer_2025,California,CAL Academy,94112,1,
spring_summer_2025,Illinois,Walther Christian Academy,60160,1,
spring_summer_2025,Virginia,Mercer Middle (changing to Gum Spring Middle July 2025),20105,1,
spring_summer_2025,Minnesota,Plainview,55932,1,
spring_summer_2025,Texas,Armando Leal Middle School,,1,
spring_summer_2025,New Jersey,Village Charter School,9754,1,
spring_summer_2025,Washington,Mary Lyon Elementary,98404,1,
spring_summer_2025,Oregon,McDaniel,97218,1,
spring_summer_2025,California,Boron Jr/Sr High School,,1,
spring_summer_2025,Virginia,A middle school,,1,
spring_summer_2025,California,LPS Richmond,94801,1,
spring_summer_2025,Illinois,IMSA,60506,1,
spring_summer_2025,Kentucky,Not applicable,,1,
spring_summer_2025,North Carolina,Coastal Carolina Community College,,1,
spring_summer_2025,Rhode Island,Warwick Veterans Memorial Middle School,2889,1,
spring_summer_2025,Massachusetts,Georgetown middle high school,,1,
spring_summer_2025,California,Our Lady of Fatima,93635,1,
spring_summer_2025,California,Not applicable,92677,1,
spring_summer_2025,New Jersey,Our Lady of Good Counsel School,8057,1,
spring_summer_2025,Indiana,Maplewood Elementary School,46234,1,180351000505|180363000544|181281002034
spring_summer_2025,Florida,American Heritage,,1,
spring_summer_2025,Utah,Bennion Elementary,,1,
spring_summer_2025,Michigan,Livonia Churchill HS,48150,1,
spring_summer_2025,Illinois,School,60629,1,
spring_summer_2025,Florida,H D McMillan middle,33183,1,
spring_summer_2025,Illinois,Clara Barton ES,60620,1,
spring_summer_2025,Maryland,Francis Scott Key,,1,
spring_summer_2025,Florida,Hoover Middle School,,1,
spring_summer_2025,Alabama,Goldsmith Schiffman elementary,,1,
spring_summer_2025,Tennessee,"Power Center High (was last at Leadership Prep, don't have access to that email though)",,1,
spring_summer_2025,Texas,Gw brackenridge,,1,
spring_summer_2025,Indiana,CSA New Tech,47201,1,
spring_summer_2025,California,Hanshaw Middle School,95358,1,
spring_summer_2025,California,Jefferson School,95833,1,
spring_summer_2025,Florida,Dreyfoos School of the Arts,33401,1,
spring_summer_2025,Florida,West Navarre Intermediate,32566,1,
spring_summer_2025,Pennsylvania,Perry El Sch,,1,420930002018|421134000809
spring_summer_2025,Arkansas,COLLEGE STATION ELEM. SCHOOL,,1,
spring_summer_2025,Missouri,McKinley classical academy,63104,1,
spring_summer_2025,California,Frank Augudtud Miller Middle School,92504,1,
spring_summer_2025,Massachusetts,CRLS,,1,
spring_summer_2025,California,Benjamin Holt middle school,95212,1,
spring_summer_2025,New York,Afton,,1,
spring_summer_2025,New Jersey,Hampton Academy,8048,1,
spring_summer_2025,California,Santana,,1,
spring_summer_2025,Minnesota,Shattuck St. Mary’s School,55021,1,
spring_summer_2025,New York,Sma negeri,,1,
spring_summer_2025,Virginia,Amherst Education Center,24572,1,
spring_summer_2025,New Hampshire,WMRHS,3598,1,
spring_summer_2025,New Hampshire,The Whitemountains Regional High School,3598,1,
spring_summer_2025,Maryland,Commodore John Rodgers School,,1,
spring_summer_2025,D.C.,no,,1,
spring_summer_2025,California,Los Angeles Middle School,,1,
spring_summer_2025,Virginia,Richmond County Elementary and Middle School,23009,1,
spring_summer_2025,Connecticut,Black Rock School,6605,1,090045000052|090450000906
spring_summer_2025,Texas,Memorial Pathway Academy,75041,1,
spring_summer_2025,Texas,MacArthur Senior High School,77060,1,480771000076|482442002733|483294003646
spring_summer_2025,California,New Valley,,1,
spring_summer_2025,Oregon,Butte Creek School,,1,
spring_summer_2025,Kansas,Ascension Catholic,66213,1,
spring_summer_2025,California,St. Hedwig,,1,
spring_summer_2025,Arkansas,RAY/PHYLLIS SIMON MIDDLE SCHOO,72032,1,
spring_summer_2025,Florida,Julia Landon College Prep,32207,1,
spring_summer_2025,Washington,School District,98499,1,
spring_summer_2025,New Jersey,New Jersey united christian academy,8514,1,
spring_summer_2025,Texas,UNITED H S - 9th Grade Campus,78045,1,
spring_summer_2025,Idaho,TIMBERLINE HIGH SCHOOL,,1,160036000643|160252000445
spring_summer_2025,Texas,MARTIN H S,,1,480870005643|482679003023
spring_summer_2025,North Dakota,Grafton Public School,58237,1,
spring_summer_2025,California,The Bayshore School,94014,1,
spring_summer_2025,Florida,Na,,1,
spring_summer_2025,New York,Queen tech high school,,1,
spring_summer_2025,Iowa,Not in school,51106,1,
spring_summer_2025,Kentucky,ACSHS,42164,1,
spring_summer_2025,Colorado,RMSEL,80222,1,
spring_summer_2025,Georgia,Mainstay Academy,,1,
spring_summer_2025,New York,Webster Thomas High School,14580,1,
spring_summer_2025,Texas,"Dwight Middle School, South San Antonio ISD",78211,1,
spring_summer_2025,Pennsylvania,St. Ignatius Loyola Regional School,19609,1,
spring_summer_2025,Massachusetts,Skip,,1,
spring_summer_2025,Florida,The Out-of-Door Academy,34234,1,
spring_summer_2025,California,San Diego Unified.  I am not assigned to a permanent classroom.,,1,
spring_summer_2025,Massachusetts,Groton Du stable Regional  High School,1450,1,
spring_summer_2025,California,Verde k-8,94804,1,
spring_summer_2025,Virginia,Kilgore gifted center,,1,
spring_summer_2025,Texas,Isaacs ECS,75025,1,
spring_summer_2025,Florida,Gulliver,33156,1,
spring_summer_2025,Illinois,Naperville Centra High School,60540,1,
spring_summer_2025,Texas,Corrigan-Camden ISD,75939,1,
spring_summer_2025,D.C.,sdfdsf,,1,
spring_summer_2025,Virginia,Clymore Elementary School,,1,
spring_summer_2025,Pennsylvania,Farrell Area School District,16121,1,
spring_summer_2025,Montana,Plentywood Schools,59254,1,
spring_summer_2025,Virginia,Hugh K. Cassell Elementary School,22980,1,
spring_summer_2025,Virginia,Kling Elementary School,24416,1,
spring_summer_2025,Virginia,Carroll-Galax Regional Alternative Education Center,24343,1,
spring_summer_2025,Texas,The PACE Center,77581,1,
spring_summer_2025,Michigan,L'Anse Creuse High School,48038,1,
spring_summer_2025,New York,Vertex Partnership Academies,10472,1,
spring_summer_2025,Virginia,Chittum Elementary School,23321,1,
spring_summer_2025,Virginia,Norfolk Highlands Primary School,23325,1,
spring_summer_2025,Virginia,Crestwood Intermediate School,23452,1,
spring_summer_2025,Virginia,Valley Elementary School PreK - 7,24445,1,
spring_summer_2025,Michigan,Annapolis,48125,1,
spring_summer_2025,Virginia,Arlington Public Schools (High Schools),22204,1,
spring_summer_2025,Virginia,Arlington Public Schools (Elementary & Middle Schools),22204,1,
spring_summer_2025,Virginia,Treakle elementary,23323,1,
spring_summer_2025,Virginia,WBP,23321,1,
spring_summer_2025,Virginia,GBI,,1,
spring_summer_2025,Virginia,B M Williams,,1,
spring_summer_2025,Vermont,Village School of North Bennington,5257,1,
spring_summer_2025,Virginia,BM Williams,23320,1,
spring_summer_2025,Virginia,E W Chittum Elementary,23321,1,
spring_summer_2025,Virginia,Western Branch Primary School,23321,1,
spring_summer_2025,Ohio,LMSA,,1,
spring_summer_2025,Virginia,GRM,23323,1,
spring_summer_2025,Rhode Island,Ummmm no,,1,
spring_summer_2025,Utah,Rowland Hall,84105,1,
spring_summer_2025,Virginia,Crestwood Elementary,23320,1,510084000325|510126000454
spring_summer_2025,Minnesota,IJ,,1,
spring_summer_2025,Louisiana,Im at 9 schools,,1,
spring_summer_2025,California,St. Francis of Assisi Catholic School,92887,1,
spring_summer_2025,Texas,Dallas ISD,,1,
spring_summer_2025,Virginia,Seven Hills School,23220,1,
spring_summer_2025,Illinois,YouthBuild McLean County,61761,1,
spring_summer_2025,New Jersey,St Georgy college,,1,
spring_summer_2025,Minnesota,Royal Oak HS,,1,
spring_summer_2025,Virginia,Crestwood intermediate school,23320,1,
spring_summer_2025,Virginia,EW Chittum Elementary,,1,
spring_summer_2025,Massachusetts,Miscoe Middle School,,1,
spring_summer_2025,Virginia,Treakle Elementary School,23323,1,
spring_summer_2025,Virginia,E. W. Chittum Elementary,23321,1,
spring_summer_2025,Michigan,O.W Best Middle School,48125,1,
spring_summer_2025,Texas,Earl Warren HS,,1,
spring_summer_2025,Virginia,Chincoteague Combined School,,1,
spring_summer_2025,Michigan,O.W. Best Middle School,48125,1,
spring_summer_2025,Virginia,Chesapeake Virtual Academy,23322,1,
spring_summer_2025,Virginia,Alternative School,,1,
spring_summer_2025,Virginia,CVA,,1,
spring_summer_2025,Virginia,"Great Bridge Middle School Chesapeake, VA",23322,1,
spring_summer_2025,Virginia,Chesapeake Virtual Academy – Middle,23320,1,
spring_summer_2025,Virginia,Augusta County Schools,,1,
spring_summer_2025,Arizona,n/a,11006,1,
spring_summer_2025,Alabama,intouch,,1,
spring_summer_2025,Virginia,BCHS,24366,1,
spring_summer_2025,Virginia,Chesapeake Virtual Academy through Chesapeake Public Schools,23320,1,
spring_summer_2025,California,California state university,,1,
spring_summer_2025,Virginia,wbp,,1,
spring_summer_2025,Colorado,none,,1,
spring_summer_2025,Florida,Pine Crest School,,1,
spring_summer_2025,D.C.,no,95605,1,
spring_summer_2025,Florida,University of Florida,33410,1,
spring_summer_2025,Virginia,Crestwood Intermediate about to be Crestwood Elem,23320,1,
spring_summer_2025,California,John H Francis Polytechnic High,91352,1,
spring_summer_2025,Virginia,Amelia elementary school,23002,1,
spring_summer_2025,Virginia,Amelia Middle School,23002,1,
spring_summer_2025,New Jersey,Saint Joseph Grade School,8753,1,
spring_summer_2025,Virginia,Cedar Road eleu,23322,1,
spring_summer_2025,Virginia,Treakle Elementary,,1,
spring_summer_2025,Massachusetts,Greater Lowell Technical High School,1879,1,
spring_summer_2025,Texas,Kipp Austin Paseo Prep,,1,
spring_summer_2025,Florida,Somerset Academy DBK,33461,1,
spring_summer_2025,Massachusetts,Hult,,1,
spring_summer_2025,California,Decline to state,,1,
spring_summer_2025,North Carolina,Christ School,28704,1,
spring_summer_2025,Minnesota,PARK ELEMENTARY,,1,
spring_summer_2025,Texas,Kubacak,,1,
spring_summer_2025,California,Pacific View Charter 2.0,95501,1,060005208486|060163208486
spring_summer_2025,Massachusetts,Nscc,,1,
spring_summer_2025,Idaho,Mountain Home High School,83647,1,
spring_summer_2025,Georgia,No I’m not answering,,1,
spring_summer_2025,California,LaJolla Elementary School,92553,1,
spring_summer_2025,Oklahoma,Longfellow Middle School,,1,401092002686|402172001078
spring_summer_2025,Michigan,Ironwood Area Schools,49938,1,
spring_summer_2025,Hawaii,Connections Public Charter School,96720,1,
spring_summer_2025,Rhode Island,Gordon,,1,
spring_summer_2025,North Carolina,N/a,27514,1,
spring_summer_2025,Virginia,GBHS,,1,
spring_summer_2025,Texas,Monroe S May Jr Elementary,78256,1,
spring_summer_2025,Washington,Evergreen High School,98662,1,530270000418|530354000526
spring_summer_2025,Georgia,Mountain Laurel Academy,,1,
spring_summer_2025,Delaware,Maurice Pritchett Academy (formerly The Bancroft School),19801,1,
spring_summer_2025,California,Gledhill,,1,
spring_summer_2025,California,Petaluma City Schools,,1,
spring_summer_2025,Massachusetts,Boston Prep,2136,1,
spring_summer_2025,Michigan,Manistee area public schools,,1,
spring_summer_2025,Texas,Harmony School of Discovery,77084,1,
spring_summer_2025,Vermont,St. Albans City School,,1,
spring_summer_2025,New Jersey,Lawrence township high School,,1,
spring_summer_2025,New York,CMS,,1,
spring_summer_2025,New York,HFM BOCES Ptech,,1,
spring_summer_2025,Minnesota,Robbinsdale Academy Highview,,1,
spring_summer_2025,Connecticut,Not answering,,1,
spring_summer_2025,New Jersey,Prefer not to say,,1,
spring_summer_2025,Wisconsin,Lincoln Elementary,,1,550021000022|550096000126|550306000340|550582000562|550609000675|550702000766|550852002263|550882001018|551059001383|551200001567|551296001706|551575001999|551590002056|551599002082|551668002180
spring_summer_2025,Ohio,Western Local Schools Pike County,45646,1,
spring_summer_2025,Washington,Sacajawea Middle School,,1,530282000448|530825001405
spring_summer_2025,California,Academia Avance Charter,90042,1,060143510895|060229110895
spring_summer_2025,Florida,Joesph Stilwell Middle,,1,
spring_summer_2025,Wisconsin,Oshkosh West High School,54902,1,
spring_summer_2025,California,Private school,,1,
spring_summer_2025,Maryland,SML,,1,
spring_summer_2025,New Mexico,"The one I spoke about— Santa Fe High, the one I’m moving to Pecos CyberAcademy",,1,
spring_summer_2025,Florida,PARKWAY MIDDLE SCHOOL,33310,1,120018000197|120147002623
spring_summer_2025,Missouri,Parkway South High School,63021,1,
spring_summer_2025,New York,BOCES,,1,
spring_summer_2025,Pennsylvania,Ben Franklin HS,19130,1,
spring_summer_2025,Maine,Lincoln Academy,,1,
spring_summer_2025,Arkansas,Shjh,,1,
spring_summer_2025,Texas,LTHS,,1,
spring_summer_2025,New Jersey,Clementon Elementary school (prek -8),,1,
spring_summer_2025,Pennsylvania,Elk County Catholic High School,,1,
spring_summer_2025,Virginia,.,23321,1,
spring_summer_2025,Pennsylvania,.,,1,
spring_summer_2025,Pennsylvania,Francis Scott Key School,19148,1,
spring_summer_2025,South Carolina,Dubose Middle School,29483,1,
spring_summer_2025,Georgia,Troup High School,30241,1,
spring_summer_2025,Michigan,John Glenn High School,,1,260001503890|260390004081
spring_summer_2025,Georgia,Sutton middle,,1,
spring_summer_2025,North Carolina,Kannapolis Middle School,28081,1,
spring_summer_2025,Virginia,GBMS,,1,
spring_summer_2025,Texas,BCMA at Ryan,77004,1,
spring_summer_2025,Georgia,Na,,1,
spring_summer_2025,Indiana,Park Tudor School,,1,
spring_summer_2025,California,Dolores Huerta MS,,1,060645000570|063543014549
spring_summer_2025,Florida,UNIVERSITY HIGH,32708,1,120144002779|120192007281
spring_summer_2025,Virginia,Portlock Primary School,23322,1,
spring_summer_2025,Texas,Jack C Binion,,1,
spring_summer_2025,Massachusetts,St John’s,,1,
spring_summer_2025,Virginia,Deep Creek Middle School,23322,1,510081000289|510084003146
spring_summer_2025,Virginia,J Frank Hillyard,22815,1,
spring_summer_2025,Oklahoma,Longfellow,,1,
spring_summer_2025,Arizona,Desert Ridge Junior High,85209,1,
spring_summer_2025,Virginia,Bristol Virginia High School,24201,1,
spring_summer_2025,Virginia,VHS,,1,
spring_summer_2025,Virginia,Dixon Education Center,,1,
spring_summer_2025,Virginia,Crestwood intermediate School,23320,1,
spring_summer_2025,Virginia,Hugo Owens Middle School,23322,1,
spring_summer_2025,Virginia,Owens Middle,23323,1,
spring_summer_2025,Virginia,Mountain View,24426,1,
spring_summer_2025,Texas,Wakeland,75032,1,
spring_summer_2025,Virginia,Montgomery County,,1,
spring_summer_2025,Virginia,Chesapeake Public School,,1,
spring_summer_2025,Virginia,WCCTEC,,1,
spring_summer_2025,Virginia,Thomas McSwain Elementary,24401,1,
spring_summer_2025,Virginia,jyms,,1,
spring_summer_2025,New Jersey,ATLAS SKillTech University,,1,
spring_summer_2025,Virginia,Monacan,23236,1,
spring_summer_2025,Virginia,Chesterfield County Public Schools,23112,1,
spring_summer_2025,Texas,I rather not say due to risk of retaliation,78258,1,
spring_summer_2025,Virginia,Providence Elementary,,1,510084002056|510126002531|510384001982
spring_summer_2025,Virginia,Creekside,23435,1,
spring_summer_2025,Virginia,William Perry,22980,1,
spring_summer_2025,Texas,FOREST MEADOW J H,75243,1,
spring_summer_2025,Massachusetts,Archbishop Williams,2184,1,
spring_summer_2025,Florida,Colossal Academy Jacksonville,32250,1,
spring_summer_2025,Texas,Liberty Junior High School,75243,1,
spring_summer_2025,Michigan,Cheboygan High,,1,
spring_summer_2025,Virginia,HH Poole,,1,
spring_summer_2025,Virginia,James River High - Midlothian,23113,1,
spring_summer_2025,Virginia,E. B. Stanley Middle.,24210,1,
spring_summer_2025,Nebraska,Archangels Catholic High School,68642,1,
spring_summer_2025,Georgia,West GA RESA,,1,
spring_summer_2025,Massachusetts,Hennigan,,1,
spring_summer_2025,Pennsylvania,Pequea Valley School District,,1,
spring_summer_2025,Virginia,Hugo owens middle,23323,1,
spring_summer_2025,Utah,Lewiston Elementary,,1,
spring_summer_2025,Illinois,Hester Junior High,,1,
spring_summer_2025,California,North Kern Community School,93215,1,
spring_summer_2025,Texas,Xx,,1,
spring_summer_2025,Texas,Bellaire,77401,1,
spring_summer_2025,New York,Valley Stream South Jr./Sr. High School,11581,1,
spring_summer_2025,Illinois,Stonyhurst Southville International School,,1,
spring_summer_2025,Louisiana,Bissonet Plazza,,1,
spring_summer_2025,Virginia,Frederiick Douglass Elementary School,22601,1,
spring_summer_2025,Virginia,Daniel Morgan Intermediate School,22601,1,
spring_summer_2025,Virginia,L. C. Bird High School,,1,
spring_summer_2025,Virginia,JFHMS,22815,1,
spring_summer_2025,Illinois,middle School,,1,
spring_summer_2025,Virginia,Chesterfield Career & Technical Center - Hull St,23112,1,
spring_summer_2025,North Carolina,Albert Leon Stanback Middle School,27278,1,
spring_summer_2025,Virginia,L.C Bird High School,23832,1,
spring_summer_2025,Virginia,G.W. Carver Middle School,23831,1,
spring_summer_2025,Iowa,Timberine School,50263,1,
spring_summer_2025,Virginia,WPS,24293,1,
spring_summer_2025,Virginia,LF Addington Middle School,24293,1,
spring_summer_2025,Virginia,L.C. Bird High School,23832,1,
spring_summer_2025,Virginia,GMS,,1,
spring_summer_2025,Illinois,Reagan,61021,1,
spring_summer_2025,Virginia,Amelia Middle School,,1,
spring_summer_2025,California,Rydell HS,,1,
spring_summer_2025,Virginia,Turlington Woods School,23434,1,
spring_summer_2025,Virginia,Hugo Owens,,1,
spring_summer_2025,Kansas,Olathe North High School,66061,1,
spring_summer_2025,Virginia,Norton Elementary Middle School,24273,1,
spring_summer_2025,New York,Pulaski Academy and Central School,13142,1,
spring_summer_2025,New York,Pulaski Jr Sr High School,,1,
spring_summer_2025,New York,PACS,13142,1,
spring_summer_2025,Illinois,Westinghouse College Prep,60623,1,
spring_summer_2025,Indiana,Harrison Hill Elementary,,1,180363000530|180567001027
spring_summer_2025,Virginia,anonymous,,1,
spring_summer_2025,Hawaii,Hawaii Technology Academy - Kihei,96753,1,
spring_summer_2025,North Carolina,AL Stanback Middle School,27278,1,
spring_summer_2025,Tennessee,Holston,,1,
spring_summer_2025,Virginia,Valley Academy Regional Alternative School,24401,1,
spring_summer_2025,Virginia,HRMS,,1,
spring_summer_2025,Texas,Martin High School,,1,480870005643|482679003023
spring_summer_2025,California,The school of arts & enterprise,,1,
spring_summer_2025,Virginia,JEJ Moore,23842,1,
spring_summer_2025,New York,PACs,,1,
spring_summer_2025,Texas,R.L. Turner HS,75006,1,
spring_summer_2025,Virginia,J E J Moore,,1,
spring_summer_2025,Virginia,ROCKBRIDGE HIGH SCHOOL,,1,
spring_summer_2025,Maine,Tantramar Regional High School (New Brunswick Canada),,1,
spring_summer_2025,Mississippi,Winona Secondary School,38967,1,280019601485|280474000882
spring_summer_2025,New York,MS 297 75 Morton St School,10014,1,
spring_summer_2025,Virginia,NB Clements Junior High School,23875,1,
spring_summer_2025,Washington,Kent meridian,,1,
spring_summer_2025,California,Frank S Greene Middle School,94303,1,
spring_summer_2025,California,La Jolla country Day School,,1,
spring_summer_2025,Virginia,Jackson River Technical Center,24426,1,
spring_summer_2025,Oregon,Boise-Eliot Humboldt,,1,
spring_summer_2025,California,CHHS,,1,
spring_summer_2025,Tennessee,KEEP PRIVATE,37405,1,
spring_summer_2025,Massachusetts,Eaglebrook School,,1,
spring_summer_2025,Virginia,Woolwin,24185,1,
spring_summer_2025,Virginia,John J Wright Educational & Cultural Center,22551,1,
spring_summer_2025,Virginia,Rhodes School,,1,
spring_summer_2025,Illinois,Providence Catholic High School,60451,1,
spring_summer_2025,Virginia,Valley Academy Regional Alternative School,22939,1,
spring_summer_2025,Virginia,Wythe County Technology Center,,1,
spring_summer_2025,Arizona,N/A,,1,
spring_summer_2025,Minnesota,DISTRICT 196 - I am a licensed sub for the entire district,55068,1,
spring_summer_2025,Virginia,Harrison Elementary,,1,
spring_summer_2025,Wisconsin,Middleton Cross Plains Area School District,,1,
spring_summer_2025,New York,BARKER JUNIOR/SENIOR HIGH SCHOOL,14012,1,
spring_summer_2025,Virginia,Fredicksburg city schools,,1,
spring_summer_2025,Virginia,Fredericksburg City Public Schools,22401,1,
spring_summer_2025,Virginia,Phoenix Alternative,,1,
spring_summer_2025,Virginia,Regents School of Charlottesville,22903,1,
spring_summer_2025,California,Longfellow Spanish Immersion K-8,92110,1,
spring_summer_2025,Texas,Fairfield University,,1,
spring_summer_2025,Virginia,EVHS,,1,
spring_summer_2025,Virginia,City of Fairfax,,1,
spring_summer_2025,Virginia,Gladys West Elementary,22401,1,
spring_summer_2025,Michigan,Berkshire,48025,1,
spring_summer_2025,California,Middle school,94580,1,
spring_summer_2025,Utah,Boulton Elementary School,84010,1,
spring_summer_2025,Virginia,JL Francis Elementary,23224,1,
spring_summer_2025,Montana,Elementary,,1,
spring_summer_2025,Virginia,Prefer not to say,,1,
spring_summer_2025,Virginia,Jmhs,22401,1,
spring_summer_2025,Virginia,Parry McCleur High School,24416,1,
spring_summer_2025,Virginia,-,,1,
spring_summer_2025,Virginia,Franklin City public Schools,,1,
spring_summer_2025,Virginia,Liberty Middle,,1,510036000143|510126002271|510183000773
spring_summer_2025,Virginia,Thought this was anonymous,23116,1,
spring_summer_2025,Massachusetts,Coelho middle school,,1,
spring_summer_2025,Virginia,I prefer not to say,24641,1,
spring_summer_2025,California,Emerson Middle,,1,060363000297|063132004839
spring_summer_2025,New York,Wjps,11358,1,
spring_summer_2025,Florida,The Christ School,32801,1,
spring_summer_2025,North Dakota,Rolette School,,1,
spring_summer_2025,New York,Greece Central School District,14612,1,
spring_summer_2025,Ohio,Charter school,,1,
spring_summer_2025,New York,Rather not,,1,
spring_summer_2025,California,IJK SCHOOL,,1,
spring_summer_2025,Connecticut,Can answer at later date.,,1,
spring_summer_2025,California,Century High,,1,060015310928|063531009633
spring_summer_2025,Massachusetts,Central High School,1109,1,
spring_summer_2025,Virginia,Eastside,,1,
spring_summer_2025,Maryland,Busan Foreign School,,1,
spring_summer_2025,California,Aurora Education Foundation,,1,
spring_summer_2025,Mississippi,BMJ,,1,
spring_summer_2025,New York,AMS IV United Charter High School,,1,
spring_summer_2025,Texas,Cleveland Ninth Grade Center,,1,
spring_summer_2025,Virginia,Pile Green Elementary School,,1,
spring_summer_2025,Virginia,Lynchburg City Schools,24504,1,
spring_summer_2025,Virginia,Dunbar Middle School,24502,1,
spring_summer_2025,Virginia,Cool Spring Elementary School,,1,510183001617|510225002154|510291001202
spring_summer_2025,Virginia,Mecklenburg County Public Schools,,1,
spring_summer_2025,Virginia,Graham Intermediate School,24605,1,
spring_summer_2025,Virginia,Cornerstone,24588,1,
spring_summer_2025,Virginia,Elydale,24248,1,
spring_summer_2025,Illinois,Waubonsee Community College,60554,1,
spring_summer_2025,Virginia,Barh County High School,24445,1,
spring_summer_2025,Virginia,Valley Academy Regional Alternative School,,1,
spring_summer_2025,New York,P.S. 131K,11219,1,
spring_summer_2025,Pennsylvania,Shady Side Academy,15238,1,
spring_summer_2025,California,SHC,94109,1,
spring_summer_2025,California,x,,1,
spring_summer_2025,New York,Not Interested dot com,,1,
spring_summer_2025,Virginia,Dunbar Middles School of Innovation,24501,1,
spring_summer_2025,Virginia,Dunbar Middle School,,1,
spring_summer_2025,South Carolina,NAMS,,1,
spring_summer_2025,Virginia,JW Adams Combined,24279,1,
spring_summer_2025,Wisconsin,"Middleton High School, Wisconsin",53562,1,
spring_summer_2025,Virginia,Highland County Public Schools,,1,
spring_summer_2025,Virginia,Lee Co Alternative Ed,24277,1,
spring_summer_2025,Virginia,Parry mcCluer,,1,
spring_summer_2025,Virginia,JW Adams,,1,
spring_summer_2025,New York,Notre Dame,,1,
spring_summer_2025,Virginia,Thomas A Edison HS,22310,1,
spring_summer_2025,Virginia,GA Treakle Elementary,,1,
spring_summer_2025,Virginia,P.L. Dunbar Middle School for Innovation,24504,1,
spring_summer_2025,D.C.,ASIJ,,1,
spring_summer_2025,Virginia,JWAC,,1,
spring_summer_2025,Washington,"University of Technology, in Delft - The Netherlands",,1,
spring_summer_2025,Virginia,Hopewell City Schools,23860,1,
spring_summer_2025,Virginia,BM Williams Primary,,1,
spring_summer_2025,Alaska,sacred heart school,99950,1,
spring_summer_2025,Virginia,Preschool Programs - moving to Lafayette Elementary,22401,1,
spring_summer_2025,Virginia,Fredericksburg Regional Preschool,22401,1,
spring_summer_2025,Connecticut,Pomfret School,6258,1,
spring_summer_2025,Virginia,Hickory,,1,
spring_summer_2025,Wisconsin,Marquette University High School,,1,
spring_summer_2025,Virginia,R s Payne,24502,1,
spring_summer_2025,California,Sunway International Schools (Kuala Lumpur),,1,
spring_summer_2025,Ohio,Niles McKinley High School,44446,1,
spring_summer_2025,Virginia,J. W. Adams Combined School,,1,
spring_summer_2025,Virginia,Rena B. Wright Primary School,,1,
spring_summer_2025,Virginia,Roanoke County,,1,
spring_summer_2025,Colorado,Snowy Peaks High School,,1,
spring_summer_2025,Connecticut,Alternative School,,1,
spring_summer_2025,Iowa,Central College,52142,1,
spring_summer_2025,Virginia,BM Williams Primary School,23320,1,
spring_summer_2025,Virginia,admin,24504,1,
spring_summer_2025,Virginia,P. L. Dunbar Middle School for Innovation,24504,1,
spring_summer_2025,Virginia,ECGlass High School,24503,1,
spring_summer_2025,Virginia,Fort Hill Community School,24502,1,
spring_summer_2025,Virginia,EC GLASS,24501,1,
spring_summer_2025,Virginia,EC Glass High,,1,
spring_summer_2025,Virginia,E.C. Glass,24503,1,
spring_summer_2025,Virginia,Lynchburg City Schools,24501,1,
spring_summer_2025,Florida,AIE Charter School,,1,
spring_summer_2025,Virginia,EC Glass High School,,1,
spring_summer_2025,New Jersey,Mastery,,1,
spring_summer_2025,Massachusetts,Tahanto Regional Middle/High School,1505,1,
spring_summer_2025,Virginia,Valley Academy Regional Alternative School,22901,1,
spring_summer_2025,Virginia,Captain John Smith,23669,1,
spring_summer_2025,Virginia,Byrd,,1,
spring_summer_2025,Vermont,Dunbar Middle,,1,
spring_summer_2025,Virginia,Ec glass high school,24503,1,
spring_summer_2025,Virginia,Preschool Program,22401,1,
spring_summer_2025,Washington,Elgin Park Secondary,47300,1,
spring_summer_2025,West Virginia,SMP LABSCHOOL UNESA 3,,1,
spring_summer_2025,Arizona,Liberty Youth Academy,85629,1,
spring_summer_2025,Alabama,Alabama School of Cyber Technology & Engineering,35805,1,
spring_summer_2025,California,DeLaveaga Elementary School,95060,1,
spring_summer_2025,Washington,Burlington Edison School District,,1,
spring_summer_2025,Oklahoma,CENTRAL JHS,,1,402025001606|403024002731
spring_summer_2025,Pennsylvania,Crossroads,,1,
spring_summer_2025,California,Greenfield Middle,,1,060681000615|061605002005
spring_summer_2025,Indiana,Aquinas,,1,
spring_summer_2025,Washington,Pathfindere    Is Is a,,1,
spring_summer_2025,New York,GEORGE WASHINGTON SCHOOL,,1,361629001432|363066004122|363126004179
spring_summer_2025,Virginia,Grassfield,,1,
spring_summer_2025,Virginia,Mountain View Elementary,24018,1,510009002173|510015201938|510225002415|510313001168|510333001463|510337001485|510339002545
spring_summer_2025,Virginia,Walking Grant,,1,
spring_summer_2025,Ohio,Miller South VPA. Akron,44306,1,
spring_summer_2025,New York,Eafit,,1,
spring_summer_2025,California,DeLaveaga Elementary,95065,1,
spring_summer_2025,Massachusetts,Belmont Hill School,2478,1,
spring_summer_2025,Oregon,Central Catholic High School,97214,1,
spring_summer_2025,New York,Growing up green middle school Ii,,1,
spring_summer_2025,Texas,AJJH,,1,
spring_summer_2025,Florida,Would rather not say,,1,
spring_summer_2025,South Dakota,Not comfortable answering that question,,1,
spring_summer_2025,Wisconsin,Westosha Central High School,53168,1,
spring_summer_2025,Pennsylvania,SCS,,1,
spring_summer_2025,Ohio,McCormick Middle School,,1,390441301064|390456502321
spring_summer_2025,California,Red Bridge,94107,1,
spring_summer_2025,Michigan,Central,,1,
spring_summer_2025,Virginia,Portlock Primary School,,1,
spring_summer_2025,California,Latitude High School,94601,1,
spring_summer_2025,New York,Why?,,1,
spring_summer_2025,Pennsylvania,St. Hubert Catholic High School for Girls,19136,1,
spring_summer_2025,New York,CUNY Prep,10462,1,
spring_summer_2025,Virginia,Central office,23805,1,
spring_summer_2025,Texas,West Brook,,1,
spring_summer_2025,California,Riverside Unified,,1,
spring_summer_2025,Arizona,Not foing to answer,,1,
spring_summer_2025,Virginia,Prince Edward County Middle School,23901,1,
spring_summer_2025,Virginia,Poquoson City Public Schools,,1,
spring_summer_2025,Pennsylvania,Anna's HS,,1,
spring_summer_2025,Montana,Sunnyside Elementary,59405,1,
spring_summer_2025,California,Singapore International School Bangkok,10240,1,
spring_summer_2025,Virginia,Pittsylvania County Schools,,1,
spring_summer_2025,North Carolina,Dan River High School,24586,1,
spring_summer_2025,Virginia,Regional Alternative School and STEM Academy,24531,1,
spring_summer_2025,Virginia,Mt. Airy Elementary,24557,1,
spring_summer_2025,Virginia,Mt. Airy elementary,24557,1,
spring_summer_2025,Virginia,Coeburn Primary School,,1,
spring_summer_2025,Illinois,Oak Lawn Community High School,60543,1,
spring_summer_2025,Virginia,Regional Alternative School and Stem Academy,24531,1,
spring_summer_2025,North Carolina,holbrook,,1,
spring_summer_2025,Virginia,Mr. Airy,24557,1,
spring_summer_2025,Virginia,Trinity Christian School,,1,
spring_summer_2025,Virginia,Restorative Academy,,1,
spring_summer_2025,Virginia,Tazewell Primary School,24651,1,
spring_summer_2025,Virginia,I serve multiple schools,23112,1,
spring_summer_2025,Virginia,Gladys West,,1,
spring_summer_2025,Virginia,CSHS,,1,
spring_summer_2025,Virginia,X,,1,
spring_summer_2025,Virginia,Greensville County Public Schools,,1,
spring_summer_2025,Virginia,Washington County Career and Technical Education Center,,1,
spring_summer_2025,Virginia,EB Stanley Middle,,1,
spring_summer_2025,Virginia,Jennie Dean E.S.,20110,1,
spring_summer_2025,Virginia,King and Queen Central High School,23085,1,
spring_summer_2025,Maryland,McDonogh school,21117,1,
spring_summer_2025,Wisconsin,Eagle School of Madison,53711,1,
spring_summer_2025,Virginia,Lawson and Marriott Elementary School (King and Queen County Public Schools),23148,1,
spring_summer_2025,California,Harvard-Westlake,90077,1,
spring_summer_2025,West Virginia,North Middle,25404,1,
spring_summer_2025,California,Fairmont Private Schools,92656,1,
spring_summer_2025,Washington,Tomsett Elementary,,1,
spring_summer_2025,New Jersey,TOIS,7712,1,
spring_summer_2025,Virginia,Westside Elementary,24917,1,510201002444|510330001437
spring_summer_2025,Virginia,Westside Elementary,24018,1,510201002444|510330001437
spring_summer_2025,North Carolina,Christ School,,1,
spring_summer_2025,Virginia,Mt. Airy Elementary,,1,
spring_summer_2025,Virginia,Regional Alternative School/STEM academy,24531,1,
spring_summer_2025,Virginia,Central High school,,1,510207000878|510231000944|510351001543|510408001789
spring_summer_2025,Texas,Hamd Institute,,1,
spring_summer_2025,Virginia,Charles W. Day Technical Education Center,,1,
spring_summer_2025,Virginia,King & Queen High School,23085,1,
spring_summer_2025,Virginia,John P Fishwick,,1,
spring_summer_2025,Virginia,Baldwin Intermediate School,20110,1,
spring_summer_2025,Virginia,King and Queen Elementary,,1,
spring_summer_2025,Virginia,"Indian River High School, Chesapeake, VA",,1,
spring_summer_2025,Virginia,No comment,,1,
spring_summer_2025,Virginia,Jennie Dean,,1,
spring_summer_2025,Virginia,King and Queen Elementary School,23085,1,
spring_summer_2025,Virginia,King and Queen Elementary School,23156,1,
spring_summer_2025,Alabama,Southern Montessori,,1,
spring_summer_2025,Virginia,I would rather not share,,1,
spring_summer_2025,Virginia,Cumberland County Middle School,23040,1,
spring_summer_2025,Virginia,A,,1,
spring_summer_2025,Virginia,Clearbrook Elem.,24014,1,
spring_summer_2025,Virginia,Freedom High,20148,1,510225002447|510313002458
spring_summer_2025,Virginia,Round Elementary,20110,1,
spring_summer_2025,Virginia,Roanoke City public schools,24015,1,
spring_summer_2025,Virginia,PHMS,,1,
spring_summer_2025,Virginia,Roanoke City Schools CTE Program,24015,1,
spring_summer_2025,Virginia,Moody Middle School,23228,1,
spring_summer_2025,Pennsylvania,Sayre,,1,
spring_summer_2025,New York,Pulaski,,1,
spring_summer_2025,New York,PACS,,1,
spring_summer_2025,Virginia,James River High Midlothian Va,,1,
spring_summer_2025,Virginia,Noel C. Taylor,24012,1,
spring_summer_2025,Virginia,Alleghany Highlands High School,24457,1,
spring_summer_2025,Virginia,Cps,,1,
spring_summer_2025,Michigan,Benzie Central High School,,1,
spring_summer_2025,West Virginia,Macy McClaugherty School,24134,1,
spring_summer_2025,Vermont,Hazen Union School,,1,
spring_summer_2025,Virginia,Mt. Airy Elementary School,,1,
spring_summer_2025,Virginia,Orange,,1,
spring_summer_2025,Texas,Clint Small Middle School,78749,1,
spring_summer_2025,Virginia,no name,,1,
spring_summer_2025,Texas,R. L. Turner High School,75006,1,
spring_summer_2025,North Carolina,Ardre,,1,
spring_summer_2025,Texas,Akins ECHS,,1,
spring_summer_2025,Virginia,ACE Center at Highland Springs,23075,1,
spring_summer_2025,Mississippi,NORTHWEST RANKIN MIDDLE SCHOOL,,1,
spring_summer_2025,California,Kazuo Masuda Middle School,92708,1,
spring_summer_2025,Virginia,STEM Academy,,1,
spring_summer_2025,New York,Avenues,10001,1,
spring_summer_2025,Virginia,Tunstall,,1,
spring_summer_2025,Virginia,LGMS,,1,
spring_summer_2025,Virginia,HVMS,,1,
spring_summer_2025,Illinois,Lincolln Middle School,,1,
spring_summer_2025,Virginia,Giles County Technology Center,,1,
spring_summer_2025,Massachusetts,Tahanto,,1,
spring_summer_2025,Virginia,Regional Alternative School,,1,
spring_summer_2025,Virginia,HVMS,24018,1,
spring_summer_2025,Virginia,how can this be anonymous if you ask for the name of the school,,1,
spring_summer_2025,Montana,Mount Ellis Academy,59715,1,
spring_summer_2025,Virginia,1) William Byrd Middle School 2) Hidden Valley Middle School 3) William Byrd High School,24179,1,
spring_summer_2025,Virginia,Lucy Addison Middle School,24016,1,
spring_summer_2025,Virginia,RPS,,1,
spring_summer_2025,Virginia,Fred Lynn Middle School,22191,1,
spring_summer_2025,Virginia,Warren County Middle School,,1,510387001734|510387003038
spring_summer_2025,Virginia,I thought this was anonymous and confidential?,,1,
spring_summer_2025,Pennsylvania,Malvern Preparatory School,19342,1,
spring_summer_2025,Tennessee,Chucky Doak High School,,1,
spring_summer_2025,Virginia,Prince William county schools,,1,
spring_summer_2025,Virginia,Hines Middle School,23601,1,
spring_summer_2025,Virginia,n/a,20112,1,
spring_summer_2025,Virginia,Appomattox Regional Governor's School for the Arts and Technology,23803,1,
spring_summer_2025,Virginia,Middle Peninsula Academic Center  (we are a regional alternative school),23086,1,
spring_summer_2025,Virginia,NA,45321,1,
spring_summer_2025,Virginia,chesapeake public schools,,1,
spring_summer_2025,Virginia,J frank hillyard,22815,1,
spring_summer_2025,Virginia,Spotsylvania County Public Schools,,1,
spring_summer_2025,California,Castilleja School,94301,1,
spring_summer_2025,Virginia,Mountian View Elementary School,24019,1,
spring_summer_2025,Virginia,Fredericksburg pre school program,22401,1,
spring_summer_2025,Texas,Aa,,1,
spring_summer_2025,Washington,Coupeville Middle High School,98239,1,
spring_summer_2025,California,Taipei Adventist American School,,1,
spring_summer_2025,Maryland,Connelly School of the Holy Child,20854,1,
spring_summer_2025,Virginia,---,,1,
spring_summer_2025,Virginia,James River High,,1,510042000171|510084000766
spring_summer_2025,Washington,Warden,,1,
spring_summer_2025,California,Live oak middle school,,1,062205002614|063987009647
spring_summer_2025,Arizona,Carl Hayden,,1,
spring_summer_2025,Ohio,Saint Francis de Sales,,1,
spring_summer_2025,Virginia,JLSimpson Middle School,20175,1,
spring_summer_2025,Virginia,"Hanover High School, Mechanicsville, VA",23116,1,
spring_summer_2025,Virginia,CMS,,1,
spring_summer_2025,Virginia,HHS,,1,
spring_summer_2025,Virginia,Robinson Secondary School,22032,1,
spring_summer_2025,Virginia,Han,23116,1,
spring_summer_2025,Nevada,Hcas,,1,
spring_summer_2025,Virginia,J.L. Simpson Middle School,,1,
spring_summer_2025,Virginia,Samuel Tucker Elementary,22304,1,
spring_summer_2025,Virginia,Locust grove primary school,22701,1,
spring_summer_2025,Virginia,Waynesboro High school in Virginia,22980,1,
spring_summer_2025,Virginia,Northstar,23059,1,
spring_summer_2025,Virginia,Sinclair Elementary,20109,1,
spring_summer_2025,Virginia,Tuckahoe Elementary,,1,510027000110|510189000831
spring_summer_2025,Virginia,Salem High,23464,1,510346002043|510384002166
spring_summer_2025,Virginia,Gildersleeve Middle,23606,1,
spring_summer_2025,Illinois,Saratoga Elementary School,60450,1,
spring_summer_2025,Virginia,Oscar Smith  High,23320,1,
spring_summer_2025,Virginia,"Skyline High School, Front Royal VA",22630,1,
spring_summer_2025,Virginia,PCHS,,1,
spring_summer_2025,Wisconsin,Wise,,1,
spring_summer_2025,Arizona,Gracie Barra,85345,1,
spring_summer_2025,Virginia,Gretna High School Gretna VA,24557,1,
spring_summer_2025,Virginia,Dunbar middle school,,1,
spring_summer_2025,Rhode Island,San Miguel school,,1,
spring_summer_2025,Virginia,No,,1,
spring_summer_2025,Virginia,Decline to answer,24011,1,
spring_summer_2025,New York,Uncommon Kings Middle School,11212,1,
spring_summer_2025,Virginia,Richl,,1,
spring_summer_2025,Oregon,Warner Pacific University,97223,1,
spring_summer_2025,Idaho,Bishop Kelly High School,,1,
spring_summer_2025,Alabama,"Aquinas High School- it's in Kenya, Nairobi county, makadara constituency",,1,
spring_summer_2025,Virginia,Roanoke Technical Education Center/Patrick Henry High School,24015,1,
spring_summer_2025,Virginia,Admiral Byrd Middle School,22602,1,
spring_summer_2025,Colorado,Not comfortable sharing,,1,
spring_summer_2025,Virginia,omit please,22060,1,
spring_summer_2025,Virginia,Henrico County Public Schools,23228,1,
spring_summer_2025,Virginia,CATEC,22901,1,
spring_summer_2025,Illinois,Calvary Christian School Naperville,,1,
spring_summer_2025,Michigan,Bessemer Area School District,49911,1,
spring_summer_2025,Virginia,Masons Cove Elementary,,1,
spring_summer_2025,Michigan,West Ottawa High School,49424,1,
spring_summer_2025,Virginia,Nelson Middle School (and we kind of ROCK!),,1,
spring_summer_2025,Washington,Sir Winston Churchill secondary school,,1,
spring_summer_2025,Virginia,ABMS,,1,
spring_summer_2025,California,LCA,,1,
spring_summer_2025,Virginia,FCPS High Schools,,1,
spring_summer_2025,Virginia,Cses,,1,
spring_summer_2025,Oregon,Marist High School,,1,
spring_summer_2025,Washington,na,,1,
spring_summer_2025,Alabama,maría auxiliadora,,1,
spring_summer_2025,D.C.,N/A,,1,
spring_summer_2025,Virginia,EC Glass,,1,
spring_summer_2025,Virginia,Ges,,1,
spring_summer_2025,Virginia,Burlington,,1,
spring_summer_2025,Virginia,GHS,,1,
spring_summer_2025,Virginia,I do not wish to answer this question.,,1,
spring_summer_2025,Virginia,Glenvar,,1,
spring_summer_2025,Minnesota,Groves Academy,55416,1,
spring_summer_2025,Virginia,E. Glass high school,,1,
spring_summer_2025,Virginia,Chatham Middle School and Chatham High School,24531,1,
spring_summer_2025,Virginia,Fallon Park,,1,
spring_summer_2025,Missouri,Whitfield School,63141,1,
spring_summer_2025,Virginia,Cave Spring High (how is this completely anonymous),,1,
spring_summer_2025,Virginia,King and Queen Elementary,23085,1,
spring_summer_2025,Virginia,Victory Academy,24531,1,
spring_summer_2025,Florida,Parkridge Christian Academy,,1,
spring_summer_2025,Washington,WF West,,1,
spring_summer_2025,Virginia,Waxpool,20148,1,
spring_summer_2025,Virginia,Sully,20164,1,
spring_summer_2025,Virginia,Madison Primary School,,1,
spring_summer_2025,Virginia,Atlee H.S.,23116,1,
spring_summer_2025,Virginia,ERMS,,1,
spring_summer_2025,Virginia,Moes,,1,
spring_summer_2025,Maryland,George Washington Carver Center,,1,
spring_summer_2025,Florida,Ibadan International School,,1,
spring_summer_2025,Virginia,TMS,,1,
spring_summer_2025,Virginia,.,,1,
spring_summer_2025,Virginia,king and queen public schools,23085,1,
spring_summer_2025,Virginia,Ken Culbert Elementary,,1,
spring_summer_2025,Virginia,Nope,,1,
spring_summer_2025,Virginia,Current Trailside Middle - will be at Stone Bridge for 25-26SY,20147,1,
spring_summer_2025,Virginia,Shirley Heim Middle School,22554,1,
spring_summer_2025,Virginia,Luray,22835,1,
spring_summer_2025,Virginia,John H Carey,22560,1,
spring_summer_2025,Virginia,William Fleming,,1,
spring_summer_2025,Virginia,Middle School Office - Loudoun County Public Schools,20176,1,
spring_summer_2025,California,Francis Parker School,,1,
spring_summer_2025,Virginia,River City,,1,
spring_summer_2025,Virginia,Jones Magnet Middle School,23669,1,
spring_summer_2025,Virginia,Richard and Mildred Loving Elementary,20176,1,
spring_summer_2025,Virginia,Dhhdjfjf,,1,
spring_summer_2025,Virginia,Henrico County Public Schools,,1,
spring_summer_2025,Virginia,Park View High,,1,510225000928|510246001008
spring_summer_2025,Virginia,Rachel Carson Middle School,,1,
spring_summer_2025,Virginia,JY,,1,
spring_summer_2025,Virginia,Fishwick Middle School.,24065,1,
spring_summer_2025,Virginia,Va Connections Academy,,1,
spring_summer_2025,Hawaii,Kaiser High School,96825,1,
spring_summer_2025,Virginia,William Fleming High (DAYTEC),,1,
spring_summer_2025,Virginia,CCHS,,1,
spring_summer_2025,Virginia,Bird high school,,1,
spring_summer_2025,Virginia,FHS,,1,
spring_summer_2025,Virginia,BriarwoodsHS,,1,
spring_summer_2025,Florida,North Broward Preparatory School,33073,1,
spring_summer_2025,Kentucky,MCMS,,1,
spring_summer_2025,Virginia,Alreghany hs,,1,
spring_summer_2025,Virginia,HPMS,,1,
spring_summer_2025,Pennsylvania,I need to maintain my anonymity.,,1,
spring_summer_2025,Wyoming,KAS,,1,
spring_summer_2025,Virginia,E. W. Chittum Elementary School,,1,
spring_summer_2025,New Jersey,Morristown Beard School,,1,
spring_summer_2025,Virginia,do not want to give the school name,,1,
spring_summer_2025,California,Heartland Charter School,93252,1,
spring_summer_2025,Washington,SHS,,1,
spring_summer_2025,Hawaii,N/A,96759,1,
spring_summer_2025,New York,Nights,,1,
spring_summer_2025,Virginia,Mt Pheasant,,1,
spring_summer_2025,Arizona,TKTK,,1,
spring_summer_2025,Alabama,"Carberry Collegiate, Manitoba, Canada",,1,
spring_summer_2025,Kansas,Blue Valley School District,,1,
spring_summer_2025,D.C.,Na,,1,
spring_summer_2025,Virginia,Woodrow,,1,
spring_summer_2025,North Carolina,Southeast Collegiate Prep Academy,27839,1,
spring_summer_2025,New York,Frankfurt International School (Germany),61440,1,
spring_summer_2025,Virginia,OES,,1,
spring_summer_2025,Virginia,Briar woods,,1,
spring_summer_2025,Virginia,n/a,23832,1,
spring_summer_2025,Virginia,erms,,1,
spring_summer_2025,Virginia,I service several schools in the division,,1,
spring_summer_2025,Virginia,JL Simpson Middle,20175,1,
spring_summer_2025,Virginia,LCPS,20148,1,
spring_summer_2025,Virginia,DRHS,,1,
spring_summer_2025,California,Travis Unified,,1,
spring_summer_2025,Virginia,Steuart Weller,20147,1,
spring_summer_2025,Virginia,Freedom High School,,1,510225002447|510313002458
spring_summer_2025,Virginia,Gum Spring,20105,1,
spring_summer_2025,Virginia,Gum Spring MS,,1,
spring_summer_2025,Virginia,Eagle ridge,,1,
spring_summer_2025,Virginia,Gun Springs Middle School,,1,
spring_summer_2025,California,St. Marguerite,,1,
spring_summer_2025,Virginia,Gum Spring Middle School (formerly Mercer Middle School),20152,1,
spring_summer_2025,Virginia,Gum Spring Middle School (formerly Mercer Middle),,1,
spring_summer_2025,Georgia,St. John Bosco Academy,,1,
spring_summer_2025,Maine,Maine College of Art & Design,4102,1,
spring_summer_2025,Virginia,Gum Spring (Mercer) Middle School,20105,1,
spring_summer_2025,Virginia,Kenneth Culbert Elementary,,1,
spring_summer_2025,Oklahoma,Tulsa Community College,,1,
spring_summer_2025,Virginia,Mercer Middle School (soon to be Gum Spring Middle School),20105,1,
spring_summer_2025,Virginia,Riverside,20176,1,
spring_summer_2025,Virginia,Riverside High School (LCPS),,1,
spring_summer_2025,Virginia,"School Division, Roanoke City Public Schools",,1,
spring_summer_2025,Virginia,Freedom High,,1,510225002447|510313002458
spring_summer_2025,Virginia,NRMS,22533,1,
spring_summer_2025,Virginia,MVES,20132,1,
spring_summer_2025,Alabama,No answer,,1,
spring_summer_2025,Virginia,Riverside,20175,1,
spring_summer_2025,Virginia,Riverside,20167,1,
spring_summer_2025,Virginia,FW Cox HS,,1,
spring_summer_2025,Virginia,LCPS,,1,
spring_summer_2025,Virginia,Trailside,,1,
spring_summer_2025,Virginia,Acl,20176,1,
spring_summer_2025,Virginia,Elaine Thompson ES,,1,
spring_summer_2025,Florida,Epiphany Cathedral Catholic School,,1,
spring_summer_2025,Texas,St Agnes academy,,1,
spring_summer_2025,Virginia,PL Dunbar Middle School for Innovation,24504,1,
spring_summer_2025,Virginia,Gum Springs,,1,
spring_summer_2025,Virginia,Gum Spring,,1,
spring_summer_2025,Minnesota,Riverway Learning Community,55987,1,
spring_summer_2025,Alabama,Im in the Philippines ( Cielito Zamora Jr High School),,1,
spring_summer_2025,California,FAGA,,1,
spring_summer_2025,Wisconsin,Edgewood university,,1,
spring_summer_2025,Wisconsin,Eau Claire North,,1,
spring_summer_2025,Virginia,Loudoun County Public Schools,,1,
spring_summer_2025,Virginia,BWHS,,1,
spring_summer_2025,Washington,Amber,,1,
spring_summer_2025,New York,Cristo Rey NY HS,,1,
spring_summer_2025,D.C.,"Colégio Pedro II , campis Duque de Caxias, Rio de Janeiro, Brazil",,1,
spring_summer_2025,Virginia,Stone Hill,,1,
spring_summer_2025,Virginia,Orchard View,,1,
spring_summer_2025,Virginia,High School,,1,
spring_summer_2025,Virginia,Round Elementary School,20110,1,
spring_summer_2025,Virginia,Thomas Dale High moving to Elizabeth Davis Middle,,1,
spring_summer_2025,Virginia,Countryside,20165,1,
spring_summer_2025,Virginia,King and Queen,23110,1,
spring_summer_2025,Virginia,Nile River Middle School,22407,1,
spring_summer_2025,Virginia,Gum Spring Middle,20105,1,
spring_summer_2025,Virginia,Elaine Thompson Elementary School,,1,
spring_summer_2025,Virginia,Patrick Henry High,24017,1,510183000776|510330001430|510390001749
spring_summer_2025,Virginia,Patrick Henry High School Roanoke VA,24015,1,
spring_summer_2025,Virginia,Patrick High School,24015,1,
spring_summer_2025,Virginia,Phhs,24015,1,
spring_summer_2025,Virginia,Patrick Henry High Roanoke,24015,1,
spring_summer_2025,Virginia,Roanoke City Public Schools,24018,1,
spring_summer_2025,Virginia,Patrick Henry High school Roanoke va,24015,1,
spring_summer_2025,Virginia,James Madison,24015,1,
spring_summer_2025,Virginia,Syms Middle School,,1,
spring_summer_2025,Oregon,Jewell School District.,97138,1,
spring_summer_2025,Pennsylvania,SMAN 3 Bandung,,1,
spring_summer_2025,Nebraska,Omaha North,,1,
spring_summer_2025,Alabama,abc,,1,
spring_summer_2025,Virginia,Patrick Henry High School,24016,1,510183000776|510330001430|510390001749
spring_summer_2025,Virginia,Briar Woods HIgh Scool,,1,
spring_summer_2025,Virginia,"Patrick Henry High School in Roanoke, VA",24015,1,
spring_summer_2025,D.C.,E.L. Haynes PCS,,1,
spring_summer_2025,Virginia,GumSpring Middle School,,1,
spring_summer_2025,Virginia,FCHS,,1,
spring_summer_2025,Virginia,King and Queen Central High School,,1,
spring_summer_2025,Virginia,Patrick Henry High Roanoke Virginia,24015,1,
spring_summer_2025,Virginia,Gum springs middle,20105,1,
spring_summer_2025,Virginia,NRMS,,1,
spring_summer_2025,Virginia,PHHS,,1,
spring_summer_2025,Colorado,N/A,,1,
spring_summer_2025,Florida,Not listed,,1,
spring_summer_2025,Virginia,Benedictine Schools of Richmond,23238,1,
spring_summer_2025,Virginia,Sugarland,,1,
spring_summer_2025,Virginia,Academy of Loudoun,,1,
spring_summer_2025,Massachusetts,Martin Luther King Jr. K-6,2121,1,
spring_summer_2025,Virginia,Elaine Thompson Elementary,,1,
spring_summer_2025,Virginia,Patrick Henry High,24014,1,510183000776|510330001430|510390001749
spring_summer_2025,Massachusetts,Whitman-Hanson Regional High School,,1,
spring_summer_2025,Florida,Scheck Hillel community school,33180,1,
spring_summer_2025,Oklahoma,I do not wish to disclose,,1,
spring_summer_2025,Georgia,Bulloch county,,1,
spring_summer_2025,California,St Clement Danes School,,1,
spring_summer_2025,Virginia,Cool Spring Elementary,,1,510183001617|510225002154|510291001202
spring_summer_2025,Louisiana,Bowling Green School,70438,1,
spring_summer_2025,California,Chandler School,,1,
spring_summer_2025,Virginia,Unnamed,,1,
spring_summer_2025,California,Serrano Middle School in Highland California (There are several Serrano's),92346,1,
spring_summer_2025,Virginia,Patrick Henry High,24012,1,510183000776|510330001430|510390001749
spring_summer_2025,Pennsylvania,North Penn,19446,1,
spring_summer_2025,Virginia,Smarts mill,,1,
spring_summer_2025,Virginia,Smart’s Mill Middle School,20176,1,
spring_summer_2025,Virginia,Smart’s Mill Middle,20152,1,
spring_summer_2025,Virginia,Riverside High School (Leesburg),20158,1,
spring_summer_2025,Virginia,Harmony,,1,
spring_summer_2025,Virginia,Mountain View Elementary,25414,1,510009002173|510015201938|510225002415|510313001168|510333001463|510337001485|510339002545
spring_summer_2025,Alabama,ADNU,,1,
spring_summer_2025,Virginia,Smarts Mill middle School,,1,
spring_summer_2025,Michigan,The Roeper School,48009,1,
spring_summer_2025,Illinois,Lane Tech High School,60618,1,
spring_summer_2025,Missouri,Valley Park High School,63088,1,
spring_summer_2025,Virginia,SHMS,,1,
spring_summer_2025,Florida,Carrollwood Day School,33613,1,
spring_summer_2025,Hawaii,"Okkodo High School (Guam, but not in drop down list)",96929,1,
spring_summer_2025,Florida,Scheck Hillel community school,,1,
spring_summer_2025,Virginia,Yokota Middle School,96328,1,
spring_summer_2025,Virginia,Smarts' Mill Middle School,,1,
spring_summer_2025,Utah,urbana high school,,1,
spring_summer_2025,Kentucky,Western Middle School,40212,1,
spring_summer_2025,North Carolina,Carolina Friends School,27705,1,
spring_summer_2025,Maryland,HVA,,1,
spring_summer_2025,Alabama,University of Bristol,,1,
spring_summer_2025,Virginia,Cool Spring Elementary School,23226,1,510183001617|510225002154|510291001202
spring_summer_2025,New York,Trevor Day School,10028,1,
spring_summer_2025,Montana,CR Anderson Middle School,,1,
spring_summer_2025,Virginia,Patrick Henry High School - Roanoke,24015,1,
spring_summer_2025,Colorado,La Veta Public Schools,81055,1,
spring_summer_2025,Idaho,Heritage Community Charter School,83605,1,
spring_summer_2025,Ohio,Old Trail School,44210,1,
spring_summer_2025,Virginia,Northside Middle School,,1,510267001120|510333001466
spring_summer_2025,Texas,Crosstimbers Intermediate,76001,1,
spring_summer_2025,California,"West High School (Torrance, CA)",90503,1,
spring_summer_2025,New York,"Humberview Secondary School - Bolton, Ontario, Canada",,1,
spring_summer_2025,New York,Hejej,11516,1,
spring_summer_2025,Texas,Lometa,,1,
spring_summer_2025,Texas,Liberty Junior High,75230,1,
spring_summer_2025,California,Vcusd,,1,
spring_summer_2025,Michigan,Cesar Chavez High School,48209,1,
spring_summer_2025,Texas,Longfellow Career Exploration Academy,75209,1,
spring_summer_2025,Illinois,Christian Heritage Academy,60093,1,
spring_summer_2025,Idaho,Bishop Kelly High School,83704,1,
spring_summer_2025,Texas,Silverton,,1,
spring_summer_2025,Florida,Balboa Academy.,,1,
spring_summer_2025,Washington,"The Overlake School, Redmond, WA",,1,
spring_summer_2025,Virginia,CSMS,,1,
spring_summer_2025,Michigan,NA,,1,
spring_summer_2025,Indiana,St. Richard’s episcopal school,46226,1,
spring_summer_2025,New York,Holy cross high school,,1,
spring_summer_2025,Virginia,BRMS,,1,
spring_summer_2025,New York,The Rafael Hernandez Dual Language Magnet School,10452,1,
spring_summer_2025,Virginia,Smarts Mill MS,,1,
spring_summer_2025,New Hampshire,Southern New Hampshire University,,1,
spring_summer_2025,Virginia,Gum Spring Middle School (formerly Mercer Middle School),20105,1,
spring_summer_2025,Virginia,Ball's Bluff,20175,1,
spring_summer_2025,Virginia,Lcps,,1,
spring_summer_2025,California,Wilson Middle,,1,060142310336|060852000851|063432005573
spring_summer_2025,Virginia,HMS,,1,
spring_summer_2025,Virginia,Gum Spring MS,20105,1,
spring_summer_2025,Hawaii,TORIBIO MINOR NATIONAL HIGH SCHOOL,,1,
spring_summer_2025,Virginia,Jennifer Carter,22603,1,
spring_summer_2025,Idaho,Mountain Home High School,,1,
spring_summer_2025,Georgia,VHS Rhein-Erft,50321,1,
spring_summer_2025,Pennsylvania,Germantown Friends,19144,1,
spring_summer_2025,Virginia,Balls bluff elementary,,1,
spring_summer_2025,Virginia,no answer,,1,
spring_summer_2025,Indiana,Ben David High school,,1,
spring_summer_2025,New York,Mhs,,1,
spring_summer_2025,Virginia,Gmes,22602,1,
spring_summer_2025,Virginia,Northwestern regional education program,22602,1,
spring_summer_2025,Virginia,Greenwood Mill,,1,
spring_summer_2025,Virginia,Greenwood Mill,22602,1,
spring_summer_2025,California,Summit Preparatory Charter High - I don’t have an email yet,,1,
spring_summer_2025,Connecticut,John F. Kennedy Middle School,6082,1,090147000249|090423000832
spring_summer_2025,Pennsylvania,Mercy Career & Technical High School,19129,1,
spring_summer_2025,Tennessee,Smart's mill middle school,20176,1,
spring_summer_2025,Virginia,Jwhs,,1,
spring_summer_2025,Alabama,Abs,,1,
spring_summer_2025,D.C.,Oyunii Tuv School,976,1,
spring_summer_2025,California,Hamilton Elementary,,1,060133902076|061455010488|061647011606|061692011021|062994004671|063432005473
spring_summer_2025,Virginia,JEJ MOORE,23842,1,
spring_summer_2025,Arkansas,Private school,,1,
spring_summer_2025,Florida,Balboa Academy,,1,
spring_summer_2025,South Dakota,Sioux Falls Roosevelt,57106,1,
spring_summer_2025,Hawaii,Isjsjxjd,,1,
spring_summer_2025,Virginia,JWHS,,1,
spring_summer_2025,Arkansas,Little Rock School District,72201,1,
spring_summer_2025,Virginia,Mt. Pleasant Elementary,24014,1,
spring_summer_2025,Texas,Batangas State University - The National Engineering University,,1,
spring_summer_2025,New Jersey,Lalor,,1,
spring_summer_2025,Tennessee,St. Cecilia Academy,37205,1,
spring_summer_2025,California,SCCCED,97638,1,
spring_summer_2025,Idaho,Rockland Junior-Senior High School,,1,
spring_summer_2025,Nevada,Coral Academy of Science,89052,1,
spring_summer_2025,California,na,,1,
spring_summer_2025,New York,Cristo Rey New York High School,10029,1,
spring_summer_2025,Maine,All Saints,,1,
spring_summer_2025,Colorado,asedrtfgyhujkl,,1,
spring_summer_2025,Ohio,Springboro Community City Schools,45066,1,
spring_summer_2025,Washington,West Valley School District #208,,1,
spring_summer_2025,Washington,Wilbur and Creston Cooperative School Districts,99185,1,
spring_summer_2025,Washington,Quincy School District,98848,1,
spring_summer_2025,Washington,Chimacum School District,98325,1,
spring_summer_2025,Washington,Pomeroy School District,99347,1,
spring_summer_2025,Washington,Inchelium School District,99138,1,
spring_summer_2025,Washington,Puyallup School District,98372,1,
spring_summer_2025,Washington,Yakama Nation Tribal School,98951,1,
spring_summer_2025,Washington,Carbonado School,98323,1,
spring_summer_2025,Washington,Richland School District,,1,
spring_summer_2025,California,Hiram Johnson High School,95831,1,
spring_summer_2025,Washington,Mercer Island School District,98040,1,
spring_summer_2025,Washington,Selah School District,,1,
spring_summer_2025,Washington,Woodland Public Schools,98674,1,
spring_summer_2025,Washington,MOUNT VERNON HIGH SCHOOL - MOUNT VERNON,,1,
spring_summer_2025,Washington,DEER PARK HIGH SCHOOL - DEER PARK,,1,
spring_summer_2025,Washington,COSMOPOLIS ELEMENTARY SCHOOL - COSMOPOLIS,,1,
spring_summer_2025,Washington,Cusick School District,99119,1,
spring_summer_2025,Washington,Southside Elementary K-7,98584,1,
spring_summer_2025,Washington,No thank you,,1,
spring_summer_2025,California,Rim of the world,,1,
spring_summer_2025,Washington,Thorp School District,98946,1,
spring_summer_2025,Washington,Vashon high,98070,1,
spring_summer_2025,Washington,Pioneer Middle School,98467,1,530675000992|530846001431|530945001605|530966001635
spring_summer_2025,Washington,Vashon Island School District,98070,1,
spring_summer_2025,Washington,MSD,,1,
spring_summer_2025,Virginia,Gum Spring Middle,,1,
spring_summer_2025,Washington,N/A,,1,
spring_summer_2025,Washington,Royal School District,,1,
spring_summer_2025,Washington,Olympia School District,98506,1,
spring_summer_2025,Washington,Lake Quinault,,1,
spring_summer_2025,Washington,Lake Quinault School District,98526,1,
spring_summer_2025,West Virginia,Lake Quinault High School,98526,1,
spring_summer_2025,Washington,Crescent School District,,1,
spring_summer_2025,Florida,SALT Academy,33433,1,
spring_summer_2025,Washington,FWPS,,1,
spring_summer_2025,North Dakota,ecole du sommet,,1,
spring_summer_2025,Maine,Millinocket,,1,
spring_summer_2025,Oklahoma,Moseley School Pk-8,74347,1,
spring_summer_2025,Washington,High School,,1,
spring_summer_2025,Washington,Yakima School District,98902,1,
spring_summer_2025,Washington,Auburn School District,98002,1,
spring_summer_2025,Florida,Yrkesgymnasiet,,1,
spring_summer_2025,Wyoming,Yrkesgymnasiet,44950,1,
spring_summer_2025,Virginia,"Independence High, Ashburn",20148,1,
spring_summer_2025,Michigan,C. A. Frost Middle High School,,1,
spring_summer_2025,Washington,Mead School District (Mead HS and Mt. Spokane HS),,1,
spring_summer_2025,Texas,ghjgkghv,,1,
spring_summer_2025,Washington,"Freeman High School, WA",,1,
spring_summer_2025,Washington,Mary M Knight School District,,1,
spring_summer_2025,Washington,Wishram Public School,,1,
spring_summer_2025,Washington,Dieringer School District,,1,
spring_summer_2025,Washington,Colton School District,99113,1,
spring_summer_2025,Michigan,PORTLAND HIGH SCHOOL - PORTLAND,,1,
spring_summer_2025,Washington,Quileute Tribal School,98350,1,
spring_summer_2025,Washington,Vashon high school,98070,1,
spring_summer_2025,Tennessee,CCS,,1,
spring_summer_2025,California,Long Beach Polytechnic High School,90813,1,
spring_summer_2025,Washington,Crescent,,1,
spring_summer_2025,Washington,Mukilteo School District,,1,
spring_summer_2025,Massachusetts,Mount Greylock Regional High School,1267,1,
spring_summer_2025,Indiana,Linton Stockton,47441,1,
spring_summer_2025,New York,SUNY BROCKPORT,14420,1,
spring_summer_2025,Washington,YV-TECH,,1,
spring_summer_2025,Massachusetts,G,,1,
spring_summer_2025,Kansas,Honk honk honk,,1,
spring_summer_2025,New York,SUNY brockport,14420,1,
spring_summer_2025,Virginia,Poop,,1,
spring_summer_2025,New York,Hh,,1,
spring_summer_2025,Texas,Trinity High School,,1,482406002682|484320004907
spring_summer_2025,Texas,Hofius,,1,
spring_summer_2025,Minnesota,Metropolitan State MN,,1,
spring_summer_2025,California,csub,93301,1,
spring_summer_2025,California,fart highscool,,1,
spring_summer_2025,New York,.,,1,
spring_summer_2025,D.C.,The American School in Japan,,1,
spring_summer_2025,California,Pacific Islander Youth Alliance,,1,
spring_summer_2025,Delaware,df,,1,
spring_summer_2025,Texas,NA,,1,
spring_summer_2025,California,Alliance Dr. Olga Mohan High,90015,1,060192611633|062271011633
spring_summer_2025,Oregon,df,,1,
spring_summer_2025,Maine,Old Town Elementary School and Alton Elementary School,,1,
spring_summer_2025,Alabama,Homeschool,,1,
spring_summer_2025,Alabama,Empower Community School,35020,1,
spring_summer_2025,Michigan,"Lakeview High School (Lakeview, MI)",48850,1,
spring_summer_2025,Alabama,Empower Community School,35023,1,
spring_summer_2025,Alabama,Sheffield City Schools,35660,1,
spring_summer_2025,Alabama,Threadgill Primary School,35660,1,
spring_summer_2025,Alabama,Walker County School System,35501,1,
spring_summer_2025,Alabama,Dutton,,1,
spring_summer_2025,Alabama,Cowart Elementary,,1,
spring_summer_2025,Alabama,MCES,,1,
spring_summer_2025,Alabama,Shelby County Schools,,1,
spring_summer_2025,Alabama,Athens City Schools,,1,
spring_summer_2025,Alabama,Orange Beach Elementary School,36561,1,010027000549|010358102554
spring_summer_2025,Alabama,Madison Cross Roads,35773,1,
spring_summer_2025,Alabama,Orange Beach Middle/High School,36561,1,010027002483|010358102555
spring_summer_2025,Alabama,MCES,36350,1,
spring_summer_2025,Alabama,Nelson Primary School,35769,1,
spring_summer_2025,Alabama,Thought this was confidential??,,1,
spring_summer_2025,Alabama,Carver Ninth Grade Academy,36301,1,
spring_summer_2025,Alabama,Jerry Lee Faine,,1,
spring_summer_2025,Alabama,Dothan High School/Dothan Tech,36303,1,
spring_summer_2025,Alabama,"Carver School for Math, Science, and Technology",36301,1,
spring_summer_2025,Alabama,CMST,,1,
spring_summer_2025,Alabama,Slingluff,36303,1,
spring_summer_2025,Alabama,Dothan Prep Academy,36301,1,
spring_summer_2025,Alabama,DPA,36301,1,
spring_summer_2025,Alabama,Jerry Lee Faine Elementary,36301,1,
spring_summer_2025,Alabama,DCVS,,1,
spring_summer_2025,Alabama,Dothan City School Head Start,36303,1,
spring_summer_2025,Alabama,SAYS DC,36303,1,
spring_summer_2025,Alabama,DCS Head Start Preschool,36305,1,
spring_summer_2025,Alabama,Dothan City Schools/Southeast Alabama Youth Services,36301,1,
spring_summer_2025,Alabama,Elementary School - Anonymous Survey?  Not.,,1,
spring_summer_2025,Alabama,DHS,,1,
spring_summer_2025,Alabama,Girard,,1,
spring_summer_2025,Alabama,Test,,1,
spring_summer_2025,Alabama,George W. Long Elementary,,1,
spring_summer_2025,Alabama,DeKalb County Schools,,1,
spring_summer_2025,Alabama,Plainvi,,1,
spring_summer_2025,Alabama,Plainview High School,35968,1,
spring_summer_2025,Alabama,Henagar Jr High School,35968,1,
spring_summer_2025,Alabama,Dekalb County Tech Center,35986,1,
spring_summer_2025,Alabama,Plainview High School,35967,1,
spring_summer_2025,Alabama,Ruhama Junior High School,35986,1,
spring_summer_2025,Alabama,Henagar,35967,1,
spring_summer_2025,Alabama,Dothan City,,1,
spring_summer_2025,Alabama,CMS AND CHS,35962,1,
spring_summer_2025,Alabama,DeKalb county Technology Center,,1,
spring_summer_2025,Alabama,NA,,1,
spring_summer_2025,Alabama,dothan prep academy,,1,
spring_summer_2025,Alabama,Ider Special Service Center,,1,
spring_summer_2025,Alabama,SMS,,1,
spring_summer_2025,Alabama,Dothan City Schools,,1,
spring_summer_2025,Alabama,Jerry Lee Faine Elementary,,1,
spring_summer_2025,Alabama,Highlands Elementary School,36303,1,010123001448|010180000630
spring_summer_2025,Alabama,Homewood,,1,
spring_summer_2025,Alabama,LCSS,35650,1,
spring_summer_2025,Alabama,Ruhama,35967,1,
spring_summer_2025,Alabama,Prefer not to say,,1,
spring_summer_2025,California,West Van high,,1,
spring_summer_2025,Massachusetts,none,2155,1,
spring_summer_2025,Massachusetts,NA. Testing Survey,2155,1,
spring_summer_2025,Alabama,Carver MST,36301,1,
spring_summer_2025,Alabama,Harvest Elementary School,,1,
spring_summer_2025,Washington,SAS,98021,1,
spring_summer_2025,New York,Sacred Heart Academy,,1,
spring_summer_2025,Arizona,Girard Elementary School,36303,1,
spring_summer_2025,Alabama,Selma Street School,36301,1,
spring_summer_2025,Alabama,Dothan city Head Start,,1,
spring_summer_2025,Alabama,Ballymakenny College,,1,
spring_summer_2025,Connecticut,Ballymakenny College,,1,
spring_summer_2025,Alabama,Plainview,35968,1,
spring_summer_2025,Alabama,Blue Springs,35613,1,
spring_summer_2025,Alabama,Ruhama Junior HighSchool,35967,1,
spring_summer_2025,Alabama,Blue springs,,1,
spring_summer_2025,Alabama,Geraldine High school,35962,1,
spring_summer_2025,Alabama,Blue Springs,,1,
spring_summer_2025,Alabama,Limestone County,,1,
spring_summer_2025,Alabama,Plainview,35986,1,
spring_summer_2025,Alabama,Elementary,,1,
spring_summer_2025,Utah,Man united,,1,
spring_summer_2025,Alabama,Valley Head School,,1,
spring_summer_2025,Alabama,RMJHS,,1,
spring_summer_2025,Florida,Florida International University,33199,1,
spring_summer_2025,Minnesota,Canby high school,,1,
spring_summer_2025,South Carolina,The Citadel,29451,1,
spring_summer_2025,Alabama,I do not work at one specific school.,,1,
spring_summer_2025,Alabama,tktk,,1,
spring_summer_2025,Alabama,blue springs,,1,
spring_summer_2025,Connecticut,Suck my dickkk,,1,
spring_summer_2025,Alabama,asdsa,,1,
spring_summer_2025,Michigan,Grand Rapids Community College,49503,1,
spring_summer_2025,Alabama,Ladonia,,1,
spring_summer_2025,Alabama,NSM,,1,
spring_summer_2025,Alabama,Empower Schools of Alabama,,1,
spring_summer_2025,California,Hemlock Elementary,89765,1,061392002600|064059006702
spring_summer_2025,Alabama,Carver MST,,1,
spring_summer_2025,Alabama,.,,1,
spring_summer_2025,Alabama,Dekalb,,1,
spring_summer_2025,Alabama,Ider special service center,,1,
spring_summer_2025,Alabama,Dekalb co tech school,,1,
spring_summer_2025,Alabama,Carver 9 Academy,,1,
spring_summer_2025,Alabama,fyffe,,1,
spring_summer_2025,Alabama,Johnson Elementary School,,1,010210000802|010243001025
spring_summer_2025,Alabama,HHS,,1,
spring_summer_2025,Alabama,Dekalb County Schools,,1,
spring_summer_2025,Alabama,Test elementary,35071,1,
spring_summer_2025,California,Chaffey College,,1,
spring_summer_2025,Alabama,Randolph County Career Tech Center,,1,
